enzyme_id,key14,y_active,y_status,y_name,y_smiles,chemical_class,m_active,m_name,m_superclass,m_status,m_detection_semantics,structure_match_level,source_relation,agreement,identity_include,identity_match_level,identity_exclusion_reason,comparable_status,pair_status,series,focal_series,acceptor_label,screen_threshold
UGT71B1,FXNFHKRTJBSTCS,True,TESTED_ACTIVE,Baicalein,O=C1C=C(C2=CC=CC=C2)OC3=C1C(O)=C(C(O)=C3)O,Flavonoids,0,BAICALEIN,Flavonoids,TESTED_INACTIVE,screened_no_qualifying_product_at_threshold,connectivity_exact__stereochemistry_unresolved,independent_study_cross_source_common_enzyme_acceptor,False,True,connectivity_match_stereo_unresolved,,comparable_tested,y18_only,Flavonoids,other,Baicalein,0.9
UGT71B1,ILEDWLMCKZNDJK,True,TESTED_ACTIVE,"6,7-dihydroxy coumarin (Esculetin)",O=C1C=CC2=C(O1)C=C(O)C(O)=C2,Coumarins,1,ESCULETIN,Coumarins,TESTED_ACTIVE,qualifying_glycosylation_product_detected,connectivity_exact__stereochemistry_unresolved,independent_study_cross_source_common_enzyme_acceptor,True,True,connectivity_match_stereo_unresolved,,comparable_tested,double_positive,Coumarins,Coumarins,Esculetin,0.9
UGT71B1,IXORZMNAPKEEDV,False,TESTED_INACTIVE,Gibberellin A3,C[C@@]12[C@@H](O)C=C[C@]3(OC2=O)[C@]1([H])[C@H](C(O)=O)[C@]4(CC5=C)[C@@]3([H])CC[C@]5(O)C4,Diterpenoids,0,GIBBERELLIC ACID,Diterpenoids,TESTED_INACTIVE,screened_no_qualifying_product_at_threshold,connectivity_exact__stereochemistry_unresolved,independent_study_cross_source_common_enzyme_acceptor,True,True,connectivity_match_stereo_unresolved,,comparable_tested,double_not_detected,Diterpenoids,other,Gibberellin A3,0.9
UGT71B1,IYRMWMYZSQPJKC,True,TESTED_ACTIVE,Kaempferol,OC1=C(C2=CC=C(O)C=C2)OC3=C(C(O)=CC(O)=C3)C1=O,Flavonoids,1,KAEMPFEROL,Flavonoids,TESTED_ACTIVE,qualifying_glycosylation_product_detected,connectivity_exact__stereochemistry_unresolved,independent_study_cross_source_common_enzyme_acceptor,True,True,connectivity_match_stereo_unresolved,,comparable_tested,double_positive,Flavonoids,other,Kaempferol,0.9
UGT71B1,KSEBMYQBYZTDHS,False,TESTED_INACTIVE,4-hydroxy 3-methoxy cinnamic acid,O=C(O)C=CC1=CC=C(O)C(OC)=C1,Phenylpropanoids,0,FERULIC ACID,Phenylpropanoids (C6-C3),TESTED_INACTIVE,screened_no_qualifying_product_at_threshold,connectivity_exact__stereochemistry_unresolved,independent_study_cross_source_common_enzyme_acceptor,True,True,connectivity_match_stereo_unresolved,,comparable_tested,double_not_detected,Phenylpropanoids,HCA,Ferulic acid,0.9
UGT71B1,KZJWDPNRJALLNS,False,TESTED_INACTIVE,β-Sitosterol,CC[C@@H](C(C)C)CC[C@H]([C@H]1CC[C@@H]2[C@]1(C)CC[C@H]3[C@H]2CC=C4[C@]3(C)CC[C@H](O)C4)C,Steroids,0,BETA-SITOSTEROL,Steroids,TESTED_INACTIVE,screened_no_qualifying_product_at_threshold,connectivity_exact__stereochemistry_unresolved,independent_study_cross_source_common_enzyme_acceptor,True,True,connectivity_match_stereo_unresolved,,comparable_tested,double_not_detected,Steroids,other,β-Sitosterol,0.9
UGT71B1,ORHBXUUXSCNDEV,True,TESTED_ACTIVE,Umbelliferone,O=C1C=CC2=C(O1)C=C(O)C=C2,Coumarins,1,UMBELLIFERONE,Coumarins,TESTED_ACTIVE,qualifying_glycosylation_product_detected,connectivity_exact__stereochemistry_unresolved,independent_study_cross_source_common_enzyme_acceptor,True,True,connectivity_match_stereo_unresolved,,comparable_tested,double_positive,Coumarins,Coumarins,Umbelliferone,0.9
UGT71B1,PCMORTLOPMLEFB,False,TESTED_INACTIVE,Sinapic acid,COC1=CC(C=CC(O)=O)=CC(OC)=C1O,Phenylpropanoids,0,SINAPIC ACID,Phenylpropanoids (C6-C3),TESTED_INACTIVE,screened_no_qualifying_product_at_threshold,connectivity_exact__stereochemistry_unresolved,independent_study_cross_source_common_enzyme_acceptor,True,True,connectivity_match_stereo_unresolved,,comparable_tested,double_not_detected,Phenylpropanoids,HCA,Sinapic acid,0.9
UGT71B1,PFTAWBLQPZVEMU,True,TESTED_ACTIVE,Catechin,OC1C(C2=CC=C(O)C(O)=C2)OC3=C(C(O)=CC(O)=C3)C1,Flavonoids,1,EPICATECHIN,Flavonoids,TESTED_ACTIVE,qualifying_glycosylation_product_detected,connectivity_exact__stereochemistry_unresolved,independent_study_cross_source_common_enzyme_acceptor,True,False,identity_conflict_connectivity_collapses_multiple_M25_stereoisomer_names,same_connectivity_multiple_M25_stereoisomer_names,not_comparable_not_tested_or_identity_conflict,double_positive,Flavonoids,other,Catechin,0.9
UGT71B1,PQEYTAGBXNEUQL,False,TESTED_INACTIVE,Dihydrojasmonic acid,O=C1CC[C@@H]([C@H]1CCCCC)CC(O)=O,Octadecanoids,0,DIHYDROJASMONIC ACID,Octadecanoids,TESTED_INACTIVE,screened_no_qualifying_product_at_threshold,connectivity_exact__stereochemistry_unresolved,independent_study_cross_source_common_enzyme_acceptor,True,True,connectivity_match_stereo_unresolved,,comparable_tested,double_not_detected,Octadecanoids,other,Dihydrojasmonic acid,0.9
UGT71B1,QAIPRVGONGVQAS,True,TESTED_ACTIVE,"3,4-dihyroxy cinnamic acid",O=C(O)C=CC1=CC=C(O)C(O)=C1,Phenylpropanoids,0,CAFFEIC ACID,Phenylpropanoids (C6-C3),TESTED_INACTIVE,screened_no_qualifying_product_at_threshold,connectivity_exact__stereochemistry_unresolved,independent_study_cross_source_common_enzyme_acceptor,False,True,connectivity_match_stereo_unresolved,,comparable_tested,y18_only,Phenylpropanoids,HCA,Caffeic acid,0.9
UGT71B1,QANMHLXAZMSUEX,False,TESTED_INACTIVE,Kinetin,C1(CNC2=NC=NC3=C2NC=N3)=CC=CO1,Pseudoalkaloids,0,KINETIN,Pseudoalkaloids,TESTED_INACTIVE,screened_no_qualifying_product_at_threshold,connectivity_exact__stereochemistry_unresolved,independent_study_cross_source_common_enzyme_acceptor,True,True,connectivity_match_stereo_unresolved,,comparable_tested,double_not_detected,Pseudoalkaloids,other,Kinetin,0.9
UGT71B1,REFJWTPEDVJJIY,True,TESTED_ACTIVE,Quercetin,OC1=C(C2=CC=C(O)C(O)=C2)OC3=C(C(O)=CC(O)=C3)C1=O,Flavonoids,1,QUERCETIN,Flavonoids,TESTED_ACTIVE,qualifying_glycosylation_product_detected,connectivity_exact__stereochemistry_unresolved,independent_study_cross_source_common_enzyme_acceptor,True,True,connectivity_match_stereo_unresolved,,comparable_tested,double_positive,Flavonoids,other,Quercetin,0.9
UGT71B1,RODXRVNMMDRFIK,True,TESTED_ACTIVE,7-hydroxy 6-methoxy coumarin (Scopoletin),O=C1OC2=C(C=C(C(O)=C2)OC)C=C1,Coumarins,1,SCOPOLETIN,Coumarins,TESTED_ACTIVE,qualifying_glycosylation_product_detected,connectivity_exact__stereochemistry_unresolved,independent_study_cross_source_common_enzyme_acceptor,True,True,connectivity_match_stereo_unresolved,,comparable_tested,double_positive,Coumarins,Coumarins,Scopoletin,0.9
UGT71B1,TZBJGXHYKVUXJN,True,TESTED_ACTIVE,Genistein,O=C1C(C2=CC=C(O)C=C2)=COC3=C1C(O)=CC(O)=C3,Isoflavonoids,1,GENISTEIN,Isoflavonoids,TESTED_ACTIVE,qualifying_glycosylation_product_detected,connectivity_exact__stereochemistry_unresolved,independent_study_cross_source_common_enzyme_acceptor,True,True,connectivity_match_stereo_unresolved,,comparable_tested,double_positive,Isoflavonoids,other,Genistein,0.9
UGT71B1,XHEFDIBZLJXQHF,True,TESTED_ACTIVE,Fisetin,OC1=CC(OC(C2=CC(O)=C(O)C=C2)=C(O)C3=O)=C3C=C1,Flavonoids,1,FISETIN,Flavonoids,TESTED_ACTIVE,qualifying_glycosylation_product_detected,connectivity_exact__stereochemistry_unresolved,independent_study_cross_source_common_enzyme_acceptor,True,True,connectivity_match_stereo_unresolved,,comparable_tested,double_positive,Flavonoids,other,Fisetin,0.9
UGT71B6,FXNFHKRTJBSTCS,True,TESTED_ACTIVE,Baicalein,O=C1C=C(C2=CC=CC=C2)OC3=C1C(O)=C(C(O)=C3)O,Flavonoids,0,BAICALEIN,Flavonoids,TESTED_INACTIVE,screened_no_qualifying_product_at_threshold,connectivity_exact__stereochemistry_unresolved,independent_study_cross_source_common_enzyme_acceptor,False,True,connectivity_match_stereo_unresolved,,comparable_tested,y18_only,Flavonoids,other,Baicalein,0.9
UGT71B6,ILEDWLMCKZNDJK,True,TESTED_ACTIVE,"6,7-dihydroxy coumarin (Esculetin)",O=C1C=CC2=C(O1)C=C(O)C(O)=C2,Coumarins,0,ESCULETIN,Coumarins,TESTED_INACTIVE,screened_no_qualifying_product_at_threshold,connectivity_exact__stereochemistry_unresolved,independent_study_cross_source_common_enzyme_acceptor,False,True,connectivity_match_stereo_unresolved,,comparable_tested,y18_only,Coumarins,Coumarins,Esculetin,0.9
UGT71B6,IXORZMNAPKEEDV,False,TESTED_INACTIVE,Gibberellin A3,C[C@@]12[C@@H](O)C=C[C@]3(OC2=O)[C@]1([H])[C@H](C(O)=O)[C@]4(CC5=C)[C@@]3([H])CC[C@]5(O)C4,Diterpenoids,0,GIBBERELLIC ACID,Diterpenoids,TESTED_INACTIVE,screened_no_qualifying_product_at_threshold,connectivity_exact__stereochemistry_unresolved,independent_study_cross_source_common_enzyme_acceptor,True,True,connectivity_match_stereo_unresolved,,comparable_tested,double_not_detected,Diterpenoids,other,Gibberellin A3,0.9
UGT71B6,IYRMWMYZSQPJKC,True,TESTED_ACTIVE,Kaempferol,OC1=C(C2=CC=C(O)C=C2)OC3=C(C(O)=CC(O)=C3)C1=O,Flavonoids,0,KAEMPFEROL,Flavonoids,TESTED_INACTIVE,screened_no_qualifying_product_at_threshold,connectivity_exact__stereochemistry_unresolved,independent_study_cross_source_common_enzyme_acceptor,False,True,connectivity_match_stereo_unresolved,,comparable_tested,y18_only,Flavonoids,other,Kaempferol,0.9
UGT71B6,KSEBMYQBYZTDHS,False,TESTED_INACTIVE,4-hydroxy 3-methoxy cinnamic acid,O=C(O)C=CC1=CC=C(O)C(OC)=C1,Phenylpropanoids,0,FERULIC ACID,Phenylpropanoids (C6-C3),TESTED_INACTIVE,screened_no_qualifying_product_at_threshold,connectivity_exact__stereochemistry_unresolved,independent_study_cross_source_common_enzyme_acceptor,True,True,connectivity_match_stereo_unresolved,,comparable_tested,double_not_detected,Phenylpropanoids,HCA,Ferulic acid,0.9
UGT71B6,KZJWDPNRJALLNS,False,TESTED_INACTIVE,β-Sitosterol,CC[C@@H](C(C)C)CC[C@H]([C@H]1CC[C@@H]2[C@]1(C)CC[C@H]3[C@H]2CC=C4[C@]3(C)CC[C@H](O)C4)C,Steroids,0,BETA-SITOSTEROL,Steroids,TESTED_INACTIVE,screened_no_qualifying_product_at_threshold,connectivity_exact__stereochemistry_unresolved,independent_study_cross_source_common_enzyme_acceptor,True,True,connectivity_match_stereo_unresolved,,comparable_tested,double_not_detected,Steroids,other,β-Sitosterol,0.9
UGT71B6,ORHBXUUXSCNDEV,True,TESTED_ACTIVE,Umbelliferone,O=C1C=CC2=C(O1)C=C(O)C=C2,Coumarins,0,UMBELLIFERONE,Coumarins,TESTED_INACTIVE,screened_no_qualifying_product_at_threshold,connectivity_exact__stereochemistry_unresolved,independent_study_cross_source_common_enzyme_acceptor,False,True,connectivity_match_stereo_unresolved,,comparable_tested,y18_only,Coumarins,Coumarins,Umbelliferone,0.9
UGT71B6,PCMORTLOPMLEFB,False,TESTED_INACTIVE,Sinapic acid,COC1=CC(C=CC(O)=O)=CC(OC)=C1O,Phenylpropanoids,0,SINAPIC ACID,Phenylpropanoids (C6-C3),TESTED_INACTIVE,screened_no_qualifying_product_at_threshold,connectivity_exact__stereochemistry_unresolved,independent_study_cross_source_common_enzyme_acceptor,True,True,connectivity_match_stereo_unresolved,,comparable_tested,double_not_detected,Phenylpropanoids,HCA,Sinapic acid,0.9
UGT71B6,PFTAWBLQPZVEMU,False,TESTED_INACTIVE,Catechin,OC1C(C2=CC=C(O)C(O)=C2)OC3=C(C(O)=CC(O)=C3)C1,Flavonoids,0,EPICATECHIN,Flavonoids,TESTED_INACTIVE,screened_no_qualifying_product_at_threshold,connectivity_exact__stereochemistry_unresolved,independent_study_cross_source_common_enzyme_acceptor,True,False,identity_conflict_connectivity_collapses_multiple_M25_stereoisomer_names,same_connectivity_multiple_M25_stereoisomer_names,not_comparable_not_tested_or_identity_conflict,double_not_detected,Flavonoids,other,Catechin,0.9
UGT71B6,PQEYTAGBXNEUQL,True,TESTED_ACTIVE,Dihydrojasmonic acid,O=C1CC[C@@H]([C@H]1CCCCC)CC(O)=O,Octadecanoids,0,DIHYDROJASMONIC ACID,Octadecanoids,TESTED_INACTIVE,screened_no_qualifying_product_at_threshold,connectivity_exact__stereochemistry_unresolved,independent_study_cross_source_common_enzyme_acceptor,False,True,connectivity_match_stereo_unresolved,,comparable_tested,y18_only,Octadecanoids,other,Dihydrojasmonic acid,0.9
UGT71B6,QAIPRVGONGVQAS,False,TESTED_INACTIVE,"3,4-dihyroxy cinnamic acid",O=C(O)C=CC1=CC=C(O)C(O)=C1,Phenylpropanoids,0,CAFFEIC ACID,Phenylpropanoids (C6-C3),TESTED_INACTIVE,screened_no_qualifying_product_at_threshold,connectivity_exact__stereochemistry_unresolved,independent_study_cross_source_common_enzyme_acceptor,True,True,connectivity_match_stereo_unresolved,,comparable_tested,double_not_detected,Phenylpropanoids,HCA,Caffeic acid,0.9
UGT71B6,QANMHLXAZMSUEX,False,TESTED_INACTIVE,Kinetin,C1(CNC2=NC=NC3=C2NC=N3)=CC=CO1,Pseudoalkaloids,0,KINETIN,Pseudoalkaloids,TESTED_INACTIVE,screened_no_qualifying_product_at_threshold,connectivity_exact__stereochemistry_unresolved,independent_study_cross_source_common_enzyme_acceptor,True,True,connectivity_match_stereo_unresolved,,comparable_tested,double_not_detected,Pseudoalkaloids,other,Kinetin,0.9
UGT71B6,REFJWTPEDVJJIY,True,TESTED_ACTIVE,Quercetin,OC1=C(C2=CC=C(O)C(O)=C2)OC3=C(C(O)=CC(O)=C3)C1=O,Flavonoids,0,QUERCETIN,Flavonoids,TESTED_INACTIVE,screened_no_qualifying_product_at_threshold,connectivity_exact__stereochemistry_unresolved,independent_study_cross_source_common_enzyme_acceptor,False,True,connectivity_match_stereo_unresolved,,comparable_tested,y18_only,Flavonoids,other,Quercetin,0.9
UGT71B6,RODXRVNMMDRFIK,True,TESTED_ACTIVE,7-hydroxy 6-methoxy coumarin (Scopoletin),O=C1OC2=C(C=C(C(O)=C2)OC)C=C1,Coumarins,0,SCOPOLETIN,Coumarins,TESTED_INACTIVE,screened_no_qualifying_product_at_threshold,connectivity_exact__stereochemistry_unresolved,independent_study_cross_source_common_enzyme_acceptor,False,True,connectivity_match_stereo_unresolved,,comparable_tested,y18_only,Coumarins,Coumarins,Scopoletin,0.9
UGT71B6,TZBJGXHYKVUXJN,False,TESTED_INACTIVE,Genistein,O=C1C(C2=CC=C(O)C=C2)=COC3=C1C(O)=CC(O)=C3,Isoflavonoids,0,GENISTEIN,Isoflavonoids,TESTED_INACTIVE,screened_no_qualifying_product_at_threshold,connectivity_exact__stereochemistry_unresolved,independent_study_cross_source_common_enzyme_acceptor,True,True,connectivity_match_stereo_unresolved,,comparable_tested,double_not_detected,Isoflavonoids,other,Genistein,0.9
UGT71B6,XHEFDIBZLJXQHF,True,TESTED_ACTIVE,Fisetin,OC1=CC(OC(C2=CC(O)=C(O)C=C2)=C(O)C3=O)=C3C=C1,Flavonoids,0,FISETIN,Flavonoids,TESTED_INACTIVE,screened_no_qualifying_product_at_threshold,connectivity_exact__stereochemistry_unresolved,independent_study_cross_source_common_enzyme_acceptor,False,True,connectivity_match_stereo_unresolved,,comparable_tested,y18_only,Flavonoids,other,Fisetin,0.9
UGT71B8,FXNFHKRTJBSTCS,True,TESTED_ACTIVE,Baicalein,O=C1C=C(C2=CC=CC=C2)OC3=C1C(O)=C(C(O)=C3)O,Flavonoids,0,BAICALEIN,Flavonoids,TESTED_INACTIVE,screened_no_qualifying_product_at_threshold,connectivity_exact__stereochemistry_unresolved,independent_study_cross_source_common_enzyme_acceptor,False,True,connectivity_match_stereo_unresolved,,comparable_tested,y18_only,Flavonoids,other,Baicalein,0.9
UGT71B8,ILEDWLMCKZNDJK,True,TESTED_ACTIVE,"6,7-dihydroxy coumarin (Esculetin)",O=C1C=CC2=C(O1)C=C(O)C(O)=C2,Coumarins,1,ESCULETIN,Coumarins,TESTED_ACTIVE,qualifying_glycosylation_product_detected,connectivity_exact__stereochemistry_unresolved,independent_study_cross_source_common_enzyme_acceptor,True,True,connectivity_match_stereo_unresolved,,comparable_tested,double_positive,Coumarins,Coumarins,Esculetin,0.9
UGT71B8,IXORZMNAPKEEDV,False,TESTED_INACTIVE,Gibberellin A3,C[C@@]12[C@@H](O)C=C[C@]3(OC2=O)[C@]1([H])[C@H](C(O)=O)[C@]4(CC5=C)[C@@]3([H])CC[C@]5(O)C4,Diterpenoids,0,GIBBERELLIC ACID,Diterpenoids,TESTED_INACTIVE,screened_no_qualifying_product_at_threshold,connectivity_exact__stereochemistry_unresolved,independent_study_cross_source_common_enzyme_acceptor,True,True,connectivity_match_stereo_unresolved,,comparable_tested,double_not_detected,Diterpenoids,other,Gibberellin A3,0.9
UGT71B8,IYRMWMYZSQPJKC,True,TESTED_ACTIVE,Kaempferol,OC1=C(C2=CC=C(O)C=C2)OC3=C(C(O)=CC(O)=C3)C1=O,Flavonoids,1,KAEMPFEROL,Flavonoids,TESTED_ACTIVE,qualifying_glycosylation_product_detected,connectivity_exact__stereochemistry_unresolved,independent_study_cross_source_common_enzyme_acceptor,True,True,connectivity_match_stereo_unresolved,,comparable_tested,double_positive,Flavonoids,other,Kaempferol,0.9
UGT71B8,KSEBMYQBYZTDHS,False,TESTED_INACTIVE,4-hydroxy 3-methoxy cinnamic acid,O=C(O)C=CC1=CC=C(O)C(OC)=C1,Phenylpropanoids,0,FERULIC ACID,Phenylpropanoids (C6-C3),TESTED_INACTIVE,screened_no_qualifying_product_at_threshold,connectivity_exact__stereochemistry_unresolved,independent_study_cross_source_common_enzyme_acceptor,True,True,connectivity_match_stereo_unresolved,,comparable_tested,double_not_detected,Phenylpropanoids,HCA,Ferulic acid,0.9
UGT71B8,KZJWDPNRJALLNS,False,TESTED_INACTIVE,β-Sitosterol,CC[C@@H](C(C)C)CC[C@H]([C@H]1CC[C@@H]2[C@]1(C)CC[C@H]3[C@H]2CC=C4[C@]3(C)CC[C@H](O)C4)C,Steroids,0,BETA-SITOSTEROL,Steroids,TESTED_INACTIVE,screened_no_qualifying_product_at_threshold,connectivity_exact__stereochemistry_unresolved,independent_study_cross_source_common_enzyme_acceptor,True,True,connectivity_match_stereo_unresolved,,comparable_tested,double_not_detected,Steroids,other,β-Sitosterol,0.9
UGT71B8,ORHBXUUXSCNDEV,False,TESTED_INACTIVE,Umbelliferone,O=C1C=CC2=C(O1)C=C(O)C=C2,Coumarins,0,UMBELLIFERONE,Coumarins,TESTED_INACTIVE,screened_no_qualifying_product_at_threshold,connectivity_exact__stereochemistry_unresolved,independent_study_cross_source_common_enzyme_acceptor,True,True,connectivity_match_stereo_unresolved,,comparable_tested,double_not_detected,Coumarins,Coumarins,Umbelliferone,0.9
UGT71B8,PCMORTLOPMLEFB,False,TESTED_INACTIVE,Sinapic acid,COC1=CC(C=CC(O)=O)=CC(OC)=C1O,Phenylpropanoids,0,SINAPIC ACID,Phenylpropanoids (C6-C3),TESTED_INACTIVE,screened_no_qualifying_product_at_threshold,connectivity_exact__stereochemistry_unresolved,independent_study_cross_source_common_enzyme_acceptor,True,True,connectivity_match_stereo_unresolved,,comparable_tested,double_not_detected,Phenylpropanoids,HCA,Sinapic acid,0.9
UGT71B8,PFTAWBLQPZVEMU,False,TESTED_INACTIVE,Catechin,OC1C(C2=CC=C(O)C(O)=C2)OC3=C(C(O)=CC(O)=C3)C1,Flavonoids,0,EPICATECHIN,Flavonoids,TESTED_INACTIVE,screened_no_qualifying_product_at_threshold,connectivity_exact__stereochemistry_unresolved,independent_study_cross_source_common_enzyme_acceptor,True,False,identity_conflict_connectivity_collapses_multiple_M25_stereoisomer_names,same_connectivity_multiple_M25_stereoisomer_names,not_comparable_not_tested_or_identity_conflict,double_not_detected,Flavonoids,other,Catechin,0.9
UGT71B8,PQEYTAGBXNEUQL,False,TESTED_INACTIVE,Dihydrojasmonic acid,O=C1CC[C@@H]([C@H]1CCCCC)CC(O)=O,Octadecanoids,0,DIHYDROJASMONIC ACID,Octadecanoids,TESTED_INACTIVE,screened_no_qualifying_product_at_threshold,connectivity_exact__stereochemistry_unresolved,independent_study_cross_source_common_enzyme_acceptor,True,True,connectivity_match_stereo_unresolved,,comparable_tested,double_not_detected,Octadecanoids,other,Dihydrojasmonic acid,0.9
UGT71B8,QAIPRVGONGVQAS,True,TESTED_ACTIVE,"3,4-dihyroxy cinnamic acid",O=C(O)C=CC1=CC=C(O)C(O)=C1,Phenylpropanoids,0,CAFFEIC ACID,Phenylpropanoids (C6-C3),TESTED_INACTIVE,screened_no_qualifying_product_at_threshold,connectivity_exact__stereochemistry_unresolved,independent_study_cross_source_common_enzyme_acceptor,False,True,connectivity_match_stereo_unresolved,,comparable_tested,y18_only,Phenylpropanoids,HCA,Caffeic acid,0.9
UGT71B8,QANMHLXAZMSUEX,False,TESTED_INACTIVE,Kinetin,C1(CNC2=NC=NC3=C2NC=N3)=CC=CO1,Pseudoalkaloids,0,KINETIN,Pseudoalkaloids,TESTED_INACTIVE,screened_no_qualifying_product_at_threshold,connectivity_exact__stereochemistry_unresolved,independent_study_cross_source_common_enzyme_acceptor,True,True,connectivity_match_stereo_unresolved,,comparable_tested,double_not_detected,Pseudoalkaloids,other,Kinetin,0.9
UGT71B8,REFJWTPEDVJJIY,True,TESTED_ACTIVE,Quercetin,OC1=C(C2=CC=C(O)C(O)=C2)OC3=C(C(O)=CC(O)=C3)C1=O,Flavonoids,1,QUERCETIN,Flavonoids,TESTED_ACTIVE,qualifying_glycosylation_product_detected,connectivity_exact__stereochemistry_unresolved,independent_study_cross_source_common_enzyme_acceptor,True,True,connectivity_match_stereo_unresolved,,comparable_tested,double_positive,Flavonoids,other,Quercetin,0.9
UGT71B8,RODXRVNMMDRFIK,True,TESTED_ACTIVE,7-hydroxy 6-methoxy coumarin (Scopoletin),O=C1OC2=C(C=C(C(O)=C2)OC)C=C1,Coumarins,1,SCOPOLETIN,Coumarins,TESTED_ACTIVE,qualifying_glycosylation_product_detected,connectivity_exact__stereochemistry_unresolved,independent_study_cross_source_common_enzyme_acceptor,True,True,connectivity_match_stereo_unresolved,,comparable_tested,double_positive,Coumarins,Coumarins,Scopoletin,0.9
UGT71B8,TZBJGXHYKVUXJN,False,TESTED_INACTIVE,Genistein,O=C1C(C2=CC=C(O)C=C2)=COC3=C1C(O)=CC(O)=C3,Isoflavonoids,1,GENISTEIN,Isoflavonoids,TESTED_ACTIVE,qualifying_glycosylation_product_detected,connectivity_exact__stereochemistry_unresolved,independent_study_cross_source_common_enzyme_acceptor,False,True,connectivity_match_stereo_unresolved,,comparable_tested,m25_only,Isoflavonoids,other,Genistein,0.9
UGT71B8,XHEFDIBZLJXQHF,True,TESTED_ACTIVE,Fisetin,OC1=CC(OC(C2=CC(O)=C(O)C=C2)=C(O)C3=O)=C3C=C1,Flavonoids,1,FISETIN,Flavonoids,TESTED_ACTIVE,qualifying_glycosylation_product_detected,connectivity_exact__stereochemistry_unresolved,independent_study_cross_source_common_enzyme_acceptor,True,True,connectivity_match_stereo_unresolved,,comparable_tested,double_positive,Flavonoids,other,Fisetin,0.9
UGT71C1,FXNFHKRTJBSTCS,False,TESTED_INACTIVE,Baicalein,O=C1C=C(C2=CC=CC=C2)OC3=C1C(O)=C(C(O)=C3)O,Flavonoids,0,BAICALEIN,Flavonoids,TESTED_INACTIVE,screened_no_qualifying_product_at_threshold,connectivity_exact__stereochemistry_unresolved,independent_study_cross_source_common_enzyme_acceptor,True,True,connectivity_match_stereo_unresolved,,comparable_tested,double_not_detected,Flavonoids,other,Baicalein,0.9
UGT71C1,ILEDWLMCKZNDJK,True,TESTED_ACTIVE,"6,7-dihydroxy coumarin (Esculetin)",O=C1C=CC2=C(O1)C=C(O)C(O)=C2,Coumarins,1,ESCULETIN,Coumarins,TESTED_ACTIVE,qualifying_glycosylation_product_detected,connectivity_exact__stereochemistry_unresolved,independent_study_cross_source_common_enzyme_acceptor,True,True,connectivity_match_stereo_unresolved,,comparable_tested,double_positive,Coumarins,Coumarins,Esculetin,0.9
UGT71C1,IXORZMNAPKEEDV,False,TESTED_INACTIVE,Gibberellin A3,C[C@@]12[C@@H](O)C=C[C@]3(OC2=O)[C@]1([H])[C@H](C(O)=O)[C@]4(CC5=C)[C@@]3([H])CC[C@]5(O)C4,Diterpenoids,0,GIBBERELLIC ACID,Diterpenoids,TESTED_INACTIVE,screened_no_qualifying_product_at_threshold,connectivity_exact__stereochemistry_unresolved,independent_study_cross_source_common_enzyme_acceptor,True,True,connectivity_match_stereo_unresolved,,comparable_tested,double_not_detected,Diterpenoids,other,Gibberellin A3,0.9
UGT71C1,IYRMWMYZSQPJKC,True,TESTED_ACTIVE,Kaempferol,OC1=C(C2=CC=C(O)C=C2)OC3=C(C(O)=CC(O)=C3)C1=O,Flavonoids,1,KAEMPFEROL,Flavonoids,TESTED_ACTIVE,qualifying_glycosylation_product_detected,connectivity_exact__stereochemistry_unresolved,independent_study_cross_source_common_enzyme_acceptor,True,True,connectivity_match_stereo_unresolved,,comparable_tested,double_positive,Flavonoids,other,Kaempferol,0.9
UGT71C1,KSEBMYQBYZTDHS,False,TESTED_INACTIVE,4-hydroxy 3-methoxy cinnamic acid,O=C(O)C=CC1=CC=C(O)C(OC)=C1,Phenylpropanoids,0,FERULIC ACID,Phenylpropanoids (C6-C3),TESTED_INACTIVE,screened_no_qualifying_product_at_threshold,connectivity_exact__stereochemistry_unresolved,independent_study_cross_source_common_enzyme_acceptor,True,True,connectivity_match_stereo_unresolved,,comparable_tested,double_not_detected,Phenylpropanoids,HCA,Ferulic acid,0.9
UGT71C1,KZJWDPNRJALLNS,False,TESTED_INACTIVE,β-Sitosterol,CC[C@@H](C(C)C)CC[C@H]([C@H]1CC[C@@H]2[C@]1(C)CC[C@H]3[C@H]2CC=C4[C@]3(C)CC[C@H](O)C4)C,Steroids,0,BETA-SITOSTEROL,Steroids,TESTED_INACTIVE,screened_no_qualifying_product_at_threshold,connectivity_exact__stereochemistry_unresolved,independent_study_cross_source_common_enzyme_acceptor,True,True,connectivity_match_stereo_unresolved,,comparable_tested,double_not_detected,Steroids,other,β-Sitosterol,0.9
UGT71C1,ORHBXUUXSCNDEV,False,TESTED_INACTIVE,Umbelliferone,O=C1C=CC2=C(O1)C=C(O)C=C2,Coumarins,1,UMBELLIFERONE,Coumarins,TESTED_ACTIVE,qualifying_glycosylation_product_detected,connectivity_exact__stereochemistry_unresolved,independent_study_cross_source_common_enzyme_acceptor,False,True,connectivity_match_stereo_unresolved,,comparable_tested,m25_only,Coumarins,Coumarins,Umbelliferone,0.9
UGT71C1,PCMORTLOPMLEFB,True,TESTED_ACTIVE,Sinapic acid,COC1=CC(C=CC(O)=O)=CC(OC)=C1O,Phenylpropanoids,0,SINAPIC ACID,Phenylpropanoids (C6-C3),TESTED_INACTIVE,screened_no_qualifying_product_at_threshold,connectivity_exact__stereochemistry_unresolved,independent_study_cross_source_common_enzyme_acceptor,False,True,connectivity_match_stereo_unresolved,,comparable_tested,y18_only,Phenylpropanoids,HCA,Sinapic acid,0.9
UGT71C1,PFTAWBLQPZVEMU,True,TESTED_ACTIVE,Catechin,OC1C(C2=CC=C(O)C(O)=C2)OC3=C(C(O)=CC(O)=C3)C1,Flavonoids,1,EPICATECHIN,Flavonoids,TESTED_ACTIVE,qualifying_glycosylation_product_detected,connectivity_exact__stereochemistry_unresolved,independent_study_cross_source_common_enzyme_acceptor,True,False,identity_conflict_connectivity_collapses_multiple_M25_stereoisomer_names,same_connectivity_multiple_M25_stereoisomer_names,not_comparable_not_tested_or_identity_conflict,double_positive,Flavonoids,other,Catechin,0.9
UGT71C1,PQEYTAGBXNEUQL,False,TESTED_INACTIVE,Dihydrojasmonic acid,O=C1CC[C@@H]([C@H]1CCCCC)CC(O)=O,Octadecanoids,0,DIHYDROJASMONIC ACID,Octadecanoids,TESTED_INACTIVE,screened_no_qualifying_product_at_threshold,connectivity_exact__stereochemistry_unresolved,independent_study_cross_source_common_enzyme_acceptor,True,True,connectivity_match_stereo_unresolved,,comparable_tested,double_not_detected,Octadecanoids,other,Dihydrojasmonic acid,0.9
UGT71C1,QAIPRVGONGVQAS,True,TESTED_ACTIVE,"3,4-dihyroxy cinnamic acid",O=C(O)C=CC1=CC=C(O)C(O)=C1,Phenylpropanoids,0,CAFFEIC ACID,Phenylpropanoids (C6-C3),TESTED_INACTIVE,screened_no_qualifying_product_at_threshold,connectivity_exact__stereochemistry_unresolved,independent_study_cross_source_common_enzyme_acceptor,False,True,connectivity_match_stereo_unresolved,,comparable_tested,y18_only,Phenylpropanoids,HCA,Caffeic acid,0.9
UGT71C1,QANMHLXAZMSUEX,False,TESTED_INACTIVE,Kinetin,C1(CNC2=NC=NC3=C2NC=N3)=CC=CO1,Pseudoalkaloids,0,KINETIN,Pseudoalkaloids,TESTED_INACTIVE,screened_no_qualifying_product_at_threshold,connectivity_exact__stereochemistry_unresolved,independent_study_cross_source_common_enzyme_acceptor,True,True,connectivity_match_stereo_unresolved,,comparable_tested,double_not_detected,Pseudoalkaloids,other,Kinetin,0.9
UGT71C1,REFJWTPEDVJJIY,True,TESTED_ACTIVE,Quercetin,OC1=C(C2=CC=C(O)C(O)=C2)OC3=C(C(O)=CC(O)=C3)C1=O,Flavonoids,1,QUERCETIN,Flavonoids,TESTED_ACTIVE,qualifying_glycosylation_product_detected,connectivity_exact__stereochemistry_unresolved,independent_study_cross_source_common_enzyme_acceptor,True,True,connectivity_match_stereo_unresolved,,comparable_tested,double_positive,Flavonoids,other,Quercetin,0.9
UGT71C1,RODXRVNMMDRFIK,True,TESTED_ACTIVE,7-hydroxy 6-methoxy coumarin (Scopoletin),O=C1OC2=C(C=C(C(O)=C2)OC)C=C1,Coumarins,1,SCOPOLETIN,Coumarins,TESTED_ACTIVE,qualifying_glycosylation_product_detected,connectivity_exact__stereochemistry_unresolved,independent_study_cross_source_common_enzyme_acceptor,True,True,connectivity_match_stereo_unresolved,,comparable_tested,double_positive,Coumarins,Coumarins,Scopoletin,0.9
UGT71C1,TZBJGXHYKVUXJN,True,TESTED_ACTIVE,Genistein,O=C1C(C2=CC=C(O)C=C2)=COC3=C1C(O)=CC(O)=C3,Isoflavonoids,0,GENISTEIN,Isoflavonoids,TESTED_INACTIVE,screened_no_qualifying_product_at_threshold,connectivity_exact__stereochemistry_unresolved,independent_study_cross_source_common_enzyme_acceptor,False,True,connectivity_match_stereo_unresolved,,comparable_tested,y18_only,Isoflavonoids,other,Genistein,0.9
UGT71C1,XHEFDIBZLJXQHF,True,TESTED_ACTIVE,Fisetin,OC1=CC(OC(C2=CC(O)=C(O)C=C2)=C(O)C3=O)=C3C=C1,Flavonoids,1,FISETIN,Flavonoids,TESTED_ACTIVE,qualifying_glycosylation_product_detected,connectivity_exact__stereochemistry_unresolved,independent_study_cross_source_common_enzyme_acceptor,True,True,connectivity_match_stereo_unresolved,,comparable_tested,double_positive,Flavonoids,other,Fisetin,0.9
UGT71C2,FXNFHKRTJBSTCS,False,TESTED_INACTIVE,Baicalein,O=C1C=C(C2=CC=CC=C2)OC3=C1C(O)=C(C(O)=C3)O,Flavonoids,0,BAICALEIN,Flavonoids,TESTED_INACTIVE,screened_no_qualifying_product_at_threshold,connectivity_exact__stereochemistry_unresolved,independent_study_cross_source_common_enzyme_acceptor,True,True,connectivity_match_stereo_unresolved,,comparable_tested,double_not_detected,Flavonoids,other,Baicalein,0.9
UGT71C2,ILEDWLMCKZNDJK,True,TESTED_ACTIVE,"6,7-dihydroxy coumarin (Esculetin)",O=C1C=CC2=C(O1)C=C(O)C(O)=C2,Coumarins,1,ESCULETIN,Coumarins,TESTED_ACTIVE,qualifying_glycosylation_product_detected,connectivity_exact__stereochemistry_unresolved,independent_study_cross_source_common_enzyme_acceptor,True,True,connectivity_match_stereo_unresolved,,comparable_tested,double_positive,Coumarins,Coumarins,Esculetin,0.9
UGT71C2,IXORZMNAPKEEDV,False,TESTED_INACTIVE,Gibberellin A3,C[C@@]12[C@@H](O)C=C[C@]3(OC2=O)[C@]1([H])[C@H](C(O)=O)[C@]4(CC5=C)[C@@]3([H])CC[C@]5(O)C4,Diterpenoids,0,GIBBERELLIC ACID,Diterpenoids,TESTED_INACTIVE,screened_no_qualifying_product_at_threshold,connectivity_exact__stereochemistry_unresolved,independent_study_cross_source_common_enzyme_acceptor,True,True,connectivity_match_stereo_unresolved,,comparable_tested,double_not_detected,Diterpenoids,other,Gibberellin A3,0.9
UGT71C2,IYRMWMYZSQPJKC,True,TESTED_ACTIVE,Kaempferol,OC1=C(C2=CC=C(O)C=C2)OC3=C(C(O)=CC(O)=C3)C1=O,Flavonoids,1,KAEMPFEROL,Flavonoids,TESTED_ACTIVE,qualifying_glycosylation_product_detected,connectivity_exact__stereochemistry_unresolved,independent_study_cross_source_common_enzyme_acceptor,True,True,connectivity_match_stereo_unresolved,,comparable_tested,double_positive,Flavonoids,other,Kaempferol,0.9
UGT71C2,KSEBMYQBYZTDHS,False,TESTED_INACTIVE,4-hydroxy 3-methoxy cinnamic acid,O=C(O)C=CC1=CC=C(O)C(OC)=C1,Phenylpropanoids,0,FERULIC ACID,Phenylpropanoids (C6-C3),TESTED_INACTIVE,screened_no_qualifying_product_at_threshold,connectivity_exact__stereochemistry_unresolved,independent_study_cross_source_common_enzyme_acceptor,True,True,connectivity_match_stereo_unresolved,,comparable_tested,double_not_detected,Phenylpropanoids,HCA,Ferulic acid,0.9
UGT71C2,KZJWDPNRJALLNS,False,TESTED_INACTIVE,β-Sitosterol,CC[C@@H](C(C)C)CC[C@H]([C@H]1CC[C@@H]2[C@]1(C)CC[C@H]3[C@H]2CC=C4[C@]3(C)CC[C@H](O)C4)C,Steroids,0,BETA-SITOSTEROL,Steroids,TESTED_INACTIVE,screened_no_qualifying_product_at_threshold,connectivity_exact__stereochemistry_unresolved,independent_study_cross_source_common_enzyme_acceptor,True,True,connectivity_match_stereo_unresolved,,comparable_tested,double_not_detected,Steroids,other,β-Sitosterol,0.9
UGT71C2,ORHBXUUXSCNDEV,False,TESTED_INACTIVE,Umbelliferone,O=C1C=CC2=C(O1)C=C(O)C=C2,Coumarins,1,UMBELLIFERONE,Coumarins,TESTED_ACTIVE,qualifying_glycosylation_product_detected,connectivity_exact__stereochemistry_unresolved,independent_study_cross_source_common_enzyme_acceptor,False,True,connectivity_match_stereo_unresolved,,comparable_tested,m25_only,Coumarins,Coumarins,Umbelliferone,0.9
UGT71C2,PCMORTLOPMLEFB,True,TESTED_ACTIVE,Sinapic acid,COC1=CC(C=CC(O)=O)=CC(OC)=C1O,Phenylpropanoids,0,SINAPIC ACID,Phenylpropanoids (C6-C3),TESTED_INACTIVE,screened_no_qualifying_product_at_threshold,connectivity_exact__stereochemistry_unresolved,independent_study_cross_source_common_enzyme_acceptor,False,True,connectivity_match_stereo_unresolved,,comparable_tested,y18_only,Phenylpropanoids,HCA,Sinapic acid,0.9
UGT71C2,PFTAWBLQPZVEMU,False,TESTED_INACTIVE,Catechin,OC1C(C2=CC=C(O)C(O)=C2)OC3=C(C(O)=CC(O)=C3)C1,Flavonoids,1,EPICATECHIN,Flavonoids,TESTED_ACTIVE,qualifying_glycosylation_product_detected,connectivity_exact__stereochemistry_unresolved,independent_study_cross_source_common_enzyme_acceptor,False,False,identity_conflict_connectivity_collapses_multiple_M25_stereoisomer_names,same_connectivity_multiple_M25_stereoisomer_names,not_comparable_not_tested_or_identity_conflict,m25_only,Flavonoids,other,Catechin,0.9
UGT71C2,PQEYTAGBXNEUQL,False,TESTED_INACTIVE,Dihydrojasmonic acid,O=C1CC[C@@H]([C@H]1CCCCC)CC(O)=O,Octadecanoids,0,DIHYDROJASMONIC ACID,Octadecanoids,TESTED_INACTIVE,screened_no_qualifying_product_at_threshold,connectivity_exact__stereochemistry_unresolved,independent_study_cross_source_common_enzyme_acceptor,True,True,connectivity_match_stereo_unresolved,,comparable_tested,double_not_detected,Octadecanoids,other,Dihydrojasmonic acid,0.9
UGT71C2,QAIPRVGONGVQAS,True,TESTED_ACTIVE,"3,4-dihyroxy cinnamic acid",O=C(O)C=CC1=CC=C(O)C(O)=C1,Phenylpropanoids,0,CAFFEIC ACID,Phenylpropanoids (C6-C3),TESTED_INACTIVE,screened_no_qualifying_product_at_threshold,connectivity_exact__stereochemistry_unresolved,independent_study_cross_source_common_enzyme_acceptor,False,True,connectivity_match_stereo_unresolved,,comparable_tested,y18_only,Phenylpropanoids,HCA,Caffeic acid,0.9
UGT71C2,QANMHLXAZMSUEX,False,TESTED_INACTIVE,Kinetin,C1(CNC2=NC=NC3=C2NC=N3)=CC=CO1,Pseudoalkaloids,0,KINETIN,Pseudoalkaloids,TESTED_INACTIVE,screened_no_qualifying_product_at_threshold,connectivity_exact__stereochemistry_unresolved,independent_study_cross_source_common_enzyme_acceptor,True,True,connectivity_match_stereo_unresolved,,comparable_tested,double_not_detected,Pseudoalkaloids,other,Kinetin,0.9
UGT71C2,REFJWTPEDVJJIY,True,TESTED_ACTIVE,Quercetin,OC1=C(C2=CC=C(O)C(O)=C2)OC3=C(C(O)=CC(O)=C3)C1=O,Flavonoids,1,QUERCETIN,Flavonoids,TESTED_ACTIVE,qualifying_glycosylation_product_detected,connectivity_exact__stereochemistry_unresolved,independent_study_cross_source_common_enzyme_acceptor,True,True,connectivity_match_stereo_unresolved,,comparable_tested,double_positive,Flavonoids,other,Quercetin,0.9
UGT71C2,RODXRVNMMDRFIK,True,TESTED_ACTIVE,7-hydroxy 6-methoxy coumarin (Scopoletin),O=C1OC2=C(C=C(C(O)=C2)OC)C=C1,Coumarins,1,SCOPOLETIN,Coumarins,TESTED_ACTIVE,qualifying_glycosylation_product_detected,connectivity_exact__stereochemistry_unresolved,independent_study_cross_source_common_enzyme_acceptor,True,True,connectivity_match_stereo_unresolved,,comparable_tested,double_positive,Coumarins,Coumarins,Scopoletin,0.9
UGT71C2,TZBJGXHYKVUXJN,False,TESTED_INACTIVE,Genistein,O=C1C(C2=CC=C(O)C=C2)=COC3=C1C(O)=CC(O)=C3,Isoflavonoids,1,GENISTEIN,Isoflavonoids,TESTED_ACTIVE,qualifying_glycosylation_product_detected,connectivity_exact__stereochemistry_unresolved,independent_study_cross_source_common_enzyme_acceptor,False,True,connectivity_match_stereo_unresolved,,comparable_tested,m25_only,Isoflavonoids,other,Genistein,0.9
UGT71C2,XHEFDIBZLJXQHF,True,TESTED_ACTIVE,Fisetin,OC1=CC(OC(C2=CC(O)=C(O)C=C2)=C(O)C3=O)=C3C=C1,Flavonoids,1,FISETIN,Flavonoids,TESTED_ACTIVE,qualifying_glycosylation_product_detected,connectivity_exact__stereochemistry_unresolved,independent_study_cross_source_common_enzyme_acceptor,True,True,connectivity_match_stereo_unresolved,,comparable_tested,double_positive,Flavonoids,other,Fisetin,0.9
UGT71C3,FXNFHKRTJBSTCS,True,TESTED_ACTIVE,Baicalein,O=C1C=C(C2=CC=CC=C2)OC3=C1C(O)=C(C(O)=C3)O,Flavonoids,0,BAICALEIN,Flavonoids,TESTED_INACTIVE,screened_no_qualifying_product_at_threshold,connectivity_exact__stereochemistry_unresolved,independent_study_cross_source_common_enzyme_acceptor,False,True,connectivity_match_stereo_unresolved,,comparable_tested,y18_only,Flavonoids,other,Baicalein,0.9
UGT71C3,ILEDWLMCKZNDJK,True,TESTED_ACTIVE,"6,7-dihydroxy coumarin (Esculetin)",O=C1C=CC2=C(O1)C=C(O)C(O)=C2,Coumarins,1,ESCULETIN,Coumarins,TESTED_ACTIVE,qualifying_glycosylation_product_detected,connectivity_exact__stereochemistry_unresolved,independent_study_cross_source_common_enzyme_acceptor,True,True,connectivity_match_stereo_unresolved,,comparable_tested,double_positive,Coumarins,Coumarins,Esculetin,0.9
UGT71C3,IXORZMNAPKEEDV,False,TESTED_INACTIVE,Gibberellin A3,C[C@@]12[C@@H](O)C=C[C@]3(OC2=O)[C@]1([H])[C@H](C(O)=O)[C@]4(CC5=C)[C@@]3([H])CC[C@]5(O)C4,Diterpenoids,0,GIBBERELLIC ACID,Diterpenoids,TESTED_INACTIVE,screened_no_qualifying_product_at_threshold,connectivity_exact__stereochemistry_unresolved,independent_study_cross_source_common_enzyme_acceptor,True,True,connectivity_match_stereo_unresolved,,comparable_tested,double_not_detected,Diterpenoids,other,Gibberellin A3,0.9
UGT71C3,IYRMWMYZSQPJKC,True,TESTED_ACTIVE,Kaempferol,OC1=C(C2=CC=C(O)C=C2)OC3=C(C(O)=CC(O)=C3)C1=O,Flavonoids,1,KAEMPFEROL,Flavonoids,TESTED_ACTIVE,qualifying_glycosylation_product_detected,connectivity_exact__stereochemistry_unresolved,independent_study_cross_source_common_enzyme_acceptor,True,True,connectivity_match_stereo_unresolved,,comparable_tested,double_positive,Flavonoids,other,Kaempferol,0.9
UGT71C3,KSEBMYQBYZTDHS,False,TESTED_INACTIVE,4-hydroxy 3-methoxy cinnamic acid,O=C(O)C=CC1=CC=C(O)C(OC)=C1,Phenylpropanoids,0,FERULIC ACID,Phenylpropanoids (C6-C3),TESTED_INACTIVE,screened_no_qualifying_product_at_threshold,connectivity_exact__stereochemistry_unresolved,independent_study_cross_source_common_enzyme_acceptor,True,True,connectivity_match_stereo_unresolved,,comparable_tested,double_not_detected,Phenylpropanoids,HCA,Ferulic acid,0.9
UGT71C3,KZJWDPNRJALLNS,False,TESTED_INACTIVE,β-Sitosterol,CC[C@@H](C(C)C)CC[C@H]([C@H]1CC[C@@H]2[C@]1(C)CC[C@H]3[C@H]2CC=C4[C@]3(C)CC[C@H](O)C4)C,Steroids,0,BETA-SITOSTEROL,Steroids,TESTED_INACTIVE,screened_no_qualifying_product_at_threshold,connectivity_exact__stereochemistry_unresolved,independent_study_cross_source_common_enzyme_acceptor,True,True,connectivity_match_stereo_unresolved,,comparable_tested,double_not_detected,Steroids,other,β-Sitosterol,0.9
UGT71C3,ORHBXUUXSCNDEV,False,TESTED_INACTIVE,Umbelliferone,O=C1C=CC2=C(O1)C=C(O)C=C2,Coumarins,1,UMBELLIFERONE,Coumarins,TESTED_ACTIVE,qualifying_glycosylation_product_detected,connectivity_exact__stereochemistry_unresolved,independent_study_cross_source_common_enzyme_acceptor,False,True,connectivity_match_stereo_unresolved,,comparable_tested,m25_only,Coumarins,Coumarins,Umbelliferone,0.9
UGT71C3,PCMORTLOPMLEFB,False,TESTED_INACTIVE,Sinapic acid,COC1=CC(C=CC(O)=O)=CC(OC)=C1O,Phenylpropanoids,0,SINAPIC ACID,Phenylpropanoids (C6-C3),TESTED_INACTIVE,screened_no_qualifying_product_at_threshold,connectivity_exact__stereochemistry_unresolved,independent_study_cross_source_common_enzyme_acceptor,True,True,connectivity_match_stereo_unresolved,,comparable_tested,double_not_detected,Phenylpropanoids,HCA,Sinapic acid,0.9
UGT71C3,PFTAWBLQPZVEMU,False,TESTED_INACTIVE,Catechin,OC1C(C2=CC=C(O)C(O)=C2)OC3=C(C(O)=CC(O)=C3)C1,Flavonoids,1,EPICATECHIN,Flavonoids,TESTED_ACTIVE,qualifying_glycosylation_product_detected,connectivity_exact__stereochemistry_unresolved,independent_study_cross_source_common_enzyme_acceptor,False,False,identity_conflict_connectivity_collapses_multiple_M25_stereoisomer_names,same_connectivity_multiple_M25_stereoisomer_names,not_comparable_not_tested_or_identity_conflict,m25_only,Flavonoids,other,Catechin,0.9
UGT71C3,PQEYTAGBXNEUQL,False,TESTED_INACTIVE,Dihydrojasmonic acid,O=C1CC[C@@H]([C@H]1CCCCC)CC(O)=O,Octadecanoids,0,DIHYDROJASMONIC ACID,Octadecanoids,TESTED_INACTIVE,screened_no_qualifying_product_at_threshold,connectivity_exact__stereochemistry_unresolved,independent_study_cross_source_common_enzyme_acceptor,True,True,connectivity_match_stereo_unresolved,,comparable_tested,double_not_detected,Octadecanoids,other,Dihydrojasmonic acid,0.9
UGT71C3,QAIPRVGONGVQAS,True,TESTED_ACTIVE,"3,4-dihyroxy cinnamic acid",O=C(O)C=CC1=CC=C(O)C(O)=C1,Phenylpropanoids,0,CAFFEIC ACID,Phenylpropanoids (C6-C3),TESTED_INACTIVE,screened_no_qualifying_product_at_threshold,connectivity_exact__stereochemistry_unresolved,independent_study_cross_source_common_enzyme_acceptor,False,True,connectivity_match_stereo_unresolved,,comparable_tested,y18_only,Phenylpropanoids,HCA,Caffeic acid,0.9
UGT71C3,QANMHLXAZMSUEX,False,TESTED_INACTIVE,Kinetin,C1(CNC2=NC=NC3=C2NC=N3)=CC=CO1,Pseudoalkaloids,0,KINETIN,Pseudoalkaloids,TESTED_INACTIVE,screened_no_qualifying_product_at_threshold,connectivity_exact__stereochemistry_unresolved,independent_study_cross_source_common_enzyme_acceptor,True,True,connectivity_match_stereo_unresolved,,comparable_tested,double_not_detected,Pseudoalkaloids,other,Kinetin,0.9
UGT71C3,REFJWTPEDVJJIY,True,TESTED_ACTIVE,Quercetin,OC1=C(C2=CC=C(O)C(O)=C2)OC3=C(C(O)=CC(O)=C3)C1=O,Flavonoids,0,QUERCETIN,Flavonoids,TESTED_INACTIVE,screened_no_qualifying_product_at_threshold,connectivity_exact__stereochemistry_unresolved,independent_study_cross_source_common_enzyme_acceptor,False,True,connectivity_match_stereo_unresolved,,comparable_tested,y18_only,Flavonoids,other,Quercetin,0.9
UGT71C3,RODXRVNMMDRFIK,True,TESTED_ACTIVE,7-hydroxy 6-methoxy coumarin (Scopoletin),O=C1OC2=C(C=C(C(O)=C2)OC)C=C1,Coumarins,1,SCOPOLETIN,Coumarins,TESTED_ACTIVE,qualifying_glycosylation_product_detected,connectivity_exact__stereochemistry_unresolved,independent_study_cross_source_common_enzyme_acceptor,True,True,connectivity_match_stereo_unresolved,,comparable_tested,double_positive,Coumarins,Coumarins,Scopoletin,0.9
UGT71C3,TZBJGXHYKVUXJN,True,TESTED_ACTIVE,Genistein,O=C1C(C2=CC=C(O)C=C2)=COC3=C1C(O)=CC(O)=C3,Isoflavonoids,1,GENISTEIN,Isoflavonoids,TESTED_ACTIVE,qualifying_glycosylation_product_detected,connectivity_exact__stereochemistry_unresolved,independent_study_cross_source_common_enzyme_acceptor,True,True,connectivity_match_stereo_unresolved,,comparable_tested,double_positive,Isoflavonoids,other,Genistein,0.9
UGT71C3,XHEFDIBZLJXQHF,True,TESTED_ACTIVE,Fisetin,OC1=CC(OC(C2=CC(O)=C(O)C=C2)=C(O)C3=O)=C3C=C1,Flavonoids,1,FISETIN,Flavonoids,TESTED_ACTIVE,qualifying_glycosylation_product_detected,connectivity_exact__stereochemistry_unresolved,independent_study_cross_source_common_enzyme_acceptor,True,True,connectivity_match_stereo_unresolved,,comparable_tested,double_positive,Flavonoids,other,Fisetin,0.9
UGT71C4,FXNFHKRTJBSTCS,True,TESTED_ACTIVE,Baicalein,O=C1C=C(C2=CC=CC=C2)OC3=C1C(O)=C(C(O)=C3)O,Flavonoids,0,BAICALEIN,Flavonoids,TESTED_INACTIVE,screened_no_qualifying_product_at_threshold,connectivity_exact__stereochemistry_unresolved,independent_study_cross_source_common_enzyme_acceptor,False,True,connectivity_match_stereo_unresolved,,comparable_tested,y18_only,Flavonoids,other,Baicalein,0.9
UGT71C4,ILEDWLMCKZNDJK,True,TESTED_ACTIVE,"6,7-dihydroxy coumarin (Esculetin)",O=C1C=CC2=C(O1)C=C(O)C(O)=C2,Coumarins,1,ESCULETIN,Coumarins,TESTED_ACTIVE,qualifying_glycosylation_product_detected,connectivity_exact__stereochemistry_unresolved,independent_study_cross_source_common_enzyme_acceptor,True,True,connectivity_match_stereo_unresolved,,comparable_tested,double_positive,Coumarins,Coumarins,Esculetin,0.9
UGT71C4,IXORZMNAPKEEDV,False,TESTED_INACTIVE,Gibberellin A3,C[C@@]12[C@@H](O)C=C[C@]3(OC2=O)[C@]1([H])[C@H](C(O)=O)[C@]4(CC5=C)[C@@]3([H])CC[C@]5(O)C4,Diterpenoids,0,GIBBERELLIC ACID,Diterpenoids,TESTED_INACTIVE,screened_no_qualifying_product_at_threshold,connectivity_exact__stereochemistry_unresolved,independent_study_cross_source_common_enzyme_acceptor,True,True,connectivity_match_stereo_unresolved,,comparable_tested,double_not_detected,Diterpenoids,other,Gibberellin A3,0.9
UGT71C4,IYRMWMYZSQPJKC,True,TESTED_ACTIVE,Kaempferol,OC1=C(C2=CC=C(O)C=C2)OC3=C(C(O)=CC(O)=C3)C1=O,Flavonoids,1,KAEMPFEROL,Flavonoids,TESTED_ACTIVE,qualifying_glycosylation_product_detected,connectivity_exact__stereochemistry_unresolved,independent_study_cross_source_common_enzyme_acceptor,True,True,connectivity_match_stereo_unresolved,,comparable_tested,double_positive,Flavonoids,other,Kaempferol,0.9
UGT71C4,KSEBMYQBYZTDHS,False,TESTED_INACTIVE,4-hydroxy 3-methoxy cinnamic acid,O=C(O)C=CC1=CC=C(O)C(OC)=C1,Phenylpropanoids,0,FERULIC ACID,Phenylpropanoids (C6-C3),TESTED_INACTIVE,screened_no_qualifying_product_at_threshold,connectivity_exact__stereochemistry_unresolved,independent_study_cross_source_common_enzyme_acceptor,True,True,connectivity_match_stereo_unresolved,,comparable_tested,double_not_detected,Phenylpropanoids,HCA,Ferulic acid,0.9
UGT71C4,KZJWDPNRJALLNS,False,TESTED_INACTIVE,β-Sitosterol,CC[C@@H](C(C)C)CC[C@H]([C@H]1CC[C@@H]2[C@]1(C)CC[C@H]3[C@H]2CC=C4[C@]3(C)CC[C@H](O)C4)C,Steroids,0,BETA-SITOSTEROL,Steroids,TESTED_INACTIVE,screened_no_qualifying_product_at_threshold,connectivity_exact__stereochemistry_unresolved,independent_study_cross_source_common_enzyme_acceptor,True,True,connectivity_match_stereo_unresolved,,comparable_tested,double_not_detected,Steroids,other,β-Sitosterol,0.9
UGT71C4,ORHBXUUXSCNDEV,True,TESTED_ACTIVE,Umbelliferone,O=C1C=CC2=C(O1)C=C(O)C=C2,Coumarins,1,UMBELLIFERONE,Coumarins,TESTED_ACTIVE,qualifying_glycosylation_product_detected,connectivity_exact__stereochemistry_unresolved,independent_study_cross_source_common_enzyme_acceptor,True,True,connectivity_match_stereo_unresolved,,comparable_tested,double_positive,Coumarins,Coumarins,Umbelliferone,0.9
UGT71C4,PCMORTLOPMLEFB,False,TESTED_INACTIVE,Sinapic acid,COC1=CC(C=CC(O)=O)=CC(OC)=C1O,Phenylpropanoids,0,SINAPIC ACID,Phenylpropanoids (C6-C3),TESTED_INACTIVE,screened_no_qualifying_product_at_threshold,connectivity_exact__stereochemistry_unresolved,independent_study_cross_source_common_enzyme_acceptor,True,True,connectivity_match_stereo_unresolved,,comparable_tested,double_not_detected,Phenylpropanoids,HCA,Sinapic acid,0.9
UGT71C4,PFTAWBLQPZVEMU,False,TESTED_INACTIVE,Catechin,OC1C(C2=CC=C(O)C(O)=C2)OC3=C(C(O)=CC(O)=C3)C1,Flavonoids,0,EPICATECHIN,Flavonoids,TESTED_INACTIVE,screened_no_qualifying_product_at_threshold,connectivity_exact__stereochemistry_unresolved,independent_study_cross_source_common_enzyme_acceptor,True,False,identity_conflict_connectivity_collapses_multiple_M25_stereoisomer_names,same_connectivity_multiple_M25_stereoisomer_names,not_comparable_not_tested_or_identity_conflict,double_not_detected,Flavonoids,other,Catechin,0.9
UGT71C4,PQEYTAGBXNEUQL,False,TESTED_INACTIVE,Dihydrojasmonic acid,O=C1CC[C@@H]([C@H]1CCCCC)CC(O)=O,Octadecanoids,0,DIHYDROJASMONIC ACID,Octadecanoids,TESTED_INACTIVE,screened_no_qualifying_product_at_threshold,connectivity_exact__stereochemistry_unresolved,independent_study_cross_source_common_enzyme_acceptor,True,True,connectivity_match_stereo_unresolved,,comparable_tested,double_not_detected,Octadecanoids,other,Dihydrojasmonic acid,0.9
UGT71C4,QAIPRVGONGVQAS,True,TESTED_ACTIVE,"3,4-dihyroxy cinnamic acid",O=C(O)C=CC1=CC=C(O)C(O)=C1,Phenylpropanoids,0,CAFFEIC ACID,Phenylpropanoids (C6-C3),TESTED_INACTIVE,screened_no_qualifying_product_at_threshold,connectivity_exact__stereochemistry_unresolved,independent_study_cross_source_common_enzyme_acceptor,False,True,connectivity_match_stereo_unresolved,,comparable_tested,y18_only,Phenylpropanoids,HCA,Caffeic acid,0.9
UGT71C4,QANMHLXAZMSUEX,False,TESTED_INACTIVE,Kinetin,C1(CNC2=NC=NC3=C2NC=N3)=CC=CO1,Pseudoalkaloids,0,KINETIN,Pseudoalkaloids,TESTED_INACTIVE,screened_no_qualifying_product_at_threshold,connectivity_exact__stereochemistry_unresolved,independent_study_cross_source_common_enzyme_acceptor,True,True,connectivity_match_stereo_unresolved,,comparable_tested,double_not_detected,Pseudoalkaloids,other,Kinetin,0.9
UGT71C4,REFJWTPEDVJJIY,True,TESTED_ACTIVE,Quercetin,OC1=C(C2=CC=C(O)C(O)=C2)OC3=C(C(O)=CC(O)=C3)C1=O,Flavonoids,1,QUERCETIN,Flavonoids,TESTED_ACTIVE,qualifying_glycosylation_product_detected,connectivity_exact__stereochemistry_unresolved,independent_study_cross_source_common_enzyme_acceptor,True,True,connectivity_match_stereo_unresolved,,comparable_tested,double_positive,Flavonoids,other,Quercetin,0.9
UGT71C4,RODXRVNMMDRFIK,True,TESTED_ACTIVE,7-hydroxy 6-methoxy coumarin (Scopoletin),O=C1OC2=C(C=C(C(O)=C2)OC)C=C1,Coumarins,0,SCOPOLETIN,Coumarins,TESTED_INACTIVE,screened_no_qualifying_product_at_threshold,connectivity_exact__stereochemistry_unresolved,independent_study_cross_source_common_enzyme_acceptor,False,True,connectivity_match_stereo_unresolved,,comparable_tested,y18_only,Coumarins,Coumarins,Scopoletin,0.9
UGT71C4,TZBJGXHYKVUXJN,False,TESTED_INACTIVE,Genistein,O=C1C(C2=CC=C(O)C=C2)=COC3=C1C(O)=CC(O)=C3,Isoflavonoids,1,GENISTEIN,Isoflavonoids,TESTED_ACTIVE,qualifying_glycosylation_product_detected,connectivity_exact__stereochemistry_unresolved,independent_study_cross_source_common_enzyme_acceptor,False,True,connectivity_match_stereo_unresolved,,comparable_tested,m25_only,Isoflavonoids,other,Genistein,0.9
UGT71C4,XHEFDIBZLJXQHF,True,TESTED_ACTIVE,Fisetin,OC1=CC(OC(C2=CC(O)=C(O)C=C2)=C(O)C3=O)=C3C=C1,Flavonoids,1,FISETIN,Flavonoids,TESTED_ACTIVE,qualifying_glycosylation_product_detected,connectivity_exact__stereochemistry_unresolved,independent_study_cross_source_common_enzyme_acceptor,True,True,connectivity_match_stereo_unresolved,,comparable_tested,double_positive,Flavonoids,other,Fisetin,0.9
UGT71C5,FXNFHKRTJBSTCS,True,TESTED_ACTIVE,Baicalein,O=C1C=C(C2=CC=CC=C2)OC3=C1C(O)=C(C(O)=C3)O,Flavonoids,0,BAICALEIN,Flavonoids,TESTED_INACTIVE,screened_no_qualifying_product_at_threshold,connectivity_exact__stereochemistry_unresolved,independent_study_cross_source_common_enzyme_acceptor,False,True,connectivity_match_stereo_unresolved,,comparable_tested,y18_only,Flavonoids,other,Baicalein,0.9
UGT71C5,ILEDWLMCKZNDJK,True,TESTED_ACTIVE,"6,7-dihydroxy coumarin (Esculetin)",O=C1C=CC2=C(O1)C=C(O)C(O)=C2,Coumarins,1,ESCULETIN,Coumarins,TESTED_ACTIVE,qualifying_glycosylation_product_detected,connectivity_exact__stereochemistry_unresolved,independent_study_cross_source_common_enzyme_acceptor,True,True,connectivity_match_stereo_unresolved,,comparable_tested,double_positive,Coumarins,Coumarins,Esculetin,0.9
UGT71C5,IXORZMNAPKEEDV,False,TESTED_INACTIVE,Gibberellin A3,C[C@@]12[C@@H](O)C=C[C@]3(OC2=O)[C@]1([H])[C@H](C(O)=O)[C@]4(CC5=C)[C@@]3([H])CC[C@]5(O)C4,Diterpenoids,0,GIBBERELLIC ACID,Diterpenoids,TESTED_INACTIVE,screened_no_qualifying_product_at_threshold,connectivity_exact__stereochemistry_unresolved,independent_study_cross_source_common_enzyme_acceptor,True,True,connectivity_match_stereo_unresolved,,comparable_tested,double_not_detected,Diterpenoids,other,Gibberellin A3,0.9
UGT71C5,IYRMWMYZSQPJKC,True,TESTED_ACTIVE,Kaempferol,OC1=C(C2=CC=C(O)C=C2)OC3=C(C(O)=CC(O)=C3)C1=O,Flavonoids,1,KAEMPFEROL,Flavonoids,TESTED_ACTIVE,qualifying_glycosylation_product_detected,connectivity_exact__stereochemistry_unresolved,independent_study_cross_source_common_enzyme_acceptor,True,True,connectivity_match_stereo_unresolved,,comparable_tested,double_positive,Flavonoids,other,Kaempferol,0.9
UGT71C5,KSEBMYQBYZTDHS,False,TESTED_INACTIVE,4-hydroxy 3-methoxy cinnamic acid,O=C(O)C=CC1=CC=C(O)C(OC)=C1,Phenylpropanoids,0,FERULIC ACID,Phenylpropanoids (C6-C3),TESTED_INACTIVE,screened_no_qualifying_product_at_threshold,connectivity_exact__stereochemistry_unresolved,independent_study_cross_source_common_enzyme_acceptor,True,True,connectivity_match_stereo_unresolved,,comparable_tested,double_not_detected,Phenylpropanoids,HCA,Ferulic acid,0.9
UGT71C5,KZJWDPNRJALLNS,False,TESTED_INACTIVE,β-Sitosterol,CC[C@@H](C(C)C)CC[C@H]([C@H]1CC[C@@H]2[C@]1(C)CC[C@H]3[C@H]2CC=C4[C@]3(C)CC[C@H](O)C4)C,Steroids,0,BETA-SITOSTEROL,Steroids,TESTED_INACTIVE,screened_no_qualifying_product_at_threshold,connectivity_exact__stereochemistry_unresolved,independent_study_cross_source_common_enzyme_acceptor,True,True,connectivity_match_stereo_unresolved,,comparable_tested,double_not_detected,Steroids,other,β-Sitosterol,0.9
UGT71C5,ORHBXUUXSCNDEV,False,TESTED_INACTIVE,Umbelliferone,O=C1C=CC2=C(O1)C=C(O)C=C2,Coumarins,1,UMBELLIFERONE,Coumarins,TESTED_ACTIVE,qualifying_glycosylation_product_detected,connectivity_exact__stereochemistry_unresolved,independent_study_cross_source_common_enzyme_acceptor,False,True,connectivity_match_stereo_unresolved,,comparable_tested,m25_only,Coumarins,Coumarins,Umbelliferone,0.9
UGT71C5,PCMORTLOPMLEFB,False,TESTED_INACTIVE,Sinapic acid,COC1=CC(C=CC(O)=O)=CC(OC)=C1O,Phenylpropanoids,0,SINAPIC ACID,Phenylpropanoids (C6-C3),TESTED_INACTIVE,screened_no_qualifying_product_at_threshold,connectivity_exact__stereochemistry_unresolved,independent_study_cross_source_common_enzyme_acceptor,True,True,connectivity_match_stereo_unresolved,,comparable_tested,double_not_detected,Phenylpropanoids,HCA,Sinapic acid,0.9
UGT71C5,PFTAWBLQPZVEMU,True,TESTED_ACTIVE,Catechin,OC1C(C2=CC=C(O)C(O)=C2)OC3=C(C(O)=CC(O)=C3)C1,Flavonoids,0,EPICATECHIN,Flavonoids,TESTED_INACTIVE,screened_no_qualifying_product_at_threshold,connectivity_exact__stereochemistry_unresolved,independent_study_cross_source_common_enzyme_acceptor,False,False,identity_conflict_connectivity_collapses_multiple_M25_stereoisomer_names,same_connectivity_multiple_M25_stereoisomer_names,not_comparable_not_tested_or_identity_conflict,y18_only,Flavonoids,other,Catechin,0.9
UGT71C5,PQEYTAGBXNEUQL,False,TESTED_INACTIVE,Dihydrojasmonic acid,O=C1CC[C@@H]([C@H]1CCCCC)CC(O)=O,Octadecanoids,0,DIHYDROJASMONIC ACID,Octadecanoids,TESTED_INACTIVE,screened_no_qualifying_product_at_threshold,connectivity_exact__stereochemistry_unresolved,independent_study_cross_source_common_enzyme_acceptor,True,True,connectivity_match_stereo_unresolved,,comparable_tested,double_not_detected,Octadecanoids,other,Dihydrojasmonic acid,0.9
UGT71C5,QAIPRVGONGVQAS,False,TESTED_INACTIVE,"3,4-dihyroxy cinnamic acid",O=C(O)C=CC1=CC=C(O)C(O)=C1,Phenylpropanoids,0,CAFFEIC ACID,Phenylpropanoids (C6-C3),TESTED_INACTIVE,screened_no_qualifying_product_at_threshold,connectivity_exact__stereochemistry_unresolved,independent_study_cross_source_common_enzyme_acceptor,True,True,connectivity_match_stereo_unresolved,,comparable_tested,double_not_detected,Phenylpropanoids,HCA,Caffeic acid,0.9
UGT71C5,QANMHLXAZMSUEX,False,TESTED_INACTIVE,Kinetin,C1(CNC2=NC=NC3=C2NC=N3)=CC=CO1,Pseudoalkaloids,0,KINETIN,Pseudoalkaloids,TESTED_INACTIVE,screened_no_qualifying_product_at_threshold,connectivity_exact__stereochemistry_unresolved,independent_study_cross_source_common_enzyme_acceptor,True,True,connectivity_match_stereo_unresolved,,comparable_tested,double_not_detected,Pseudoalkaloids,other,Kinetin,0.9
UGT71C5,REFJWTPEDVJJIY,True,TESTED_ACTIVE,Quercetin,OC1=C(C2=CC=C(O)C(O)=C2)OC3=C(C(O)=CC(O)=C3)C1=O,Flavonoids,0,QUERCETIN,Flavonoids,TESTED_INACTIVE,screened_no_qualifying_product_at_threshold,connectivity_exact__stereochemistry_unresolved,independent_study_cross_source_common_enzyme_acceptor,False,True,connectivity_match_stereo_unresolved,,comparable_tested,y18_only,Flavonoids,other,Quercetin,0.9
UGT71C5,RODXRVNMMDRFIK,True,TESTED_ACTIVE,7-hydroxy 6-methoxy coumarin (Scopoletin),O=C1OC2=C(C=C(C(O)=C2)OC)C=C1,Coumarins,1,SCOPOLETIN,Coumarins,TESTED_ACTIVE,qualifying_glycosylation_product_detected,connectivity_exact__stereochemistry_unresolved,independent_study_cross_source_common_enzyme_acceptor,True,True,connectivity_match_stereo_unresolved,,comparable_tested,double_positive,Coumarins,Coumarins,Scopoletin,0.9
UGT71C5,TZBJGXHYKVUXJN,False,TESTED_INACTIVE,Genistein,O=C1C(C2=CC=C(O)C=C2)=COC3=C1C(O)=CC(O)=C3,Isoflavonoids,1,GENISTEIN,Isoflavonoids,TESTED_ACTIVE,qualifying_glycosylation_product_detected,connectivity_exact__stereochemistry_unresolved,independent_study_cross_source_common_enzyme_acceptor,False,True,connectivity_match_stereo_unresolved,,comparable_tested,m25_only,Isoflavonoids,other,Genistein,0.9
UGT71C5,XHEFDIBZLJXQHF,True,TESTED_ACTIVE,Fisetin,OC1=CC(OC(C2=CC(O)=C(O)C=C2)=C(O)C3=O)=C3C=C1,Flavonoids,1,FISETIN,Flavonoids,TESTED_ACTIVE,qualifying_glycosylation_product_detected,connectivity_exact__stereochemistry_unresolved,independent_study_cross_source_common_enzyme_acceptor,True,True,connectivity_match_stereo_unresolved,,comparable_tested,double_positive,Flavonoids,other,Fisetin,0.9
UGT71D1,FXNFHKRTJBSTCS,False,NOT_TESTED,Baicalein,O=C1C=C(C2=CC=CC=C2)OC3=C1C(O)=C(C(O)=C3)O,Flavonoids,0,BAICALEIN,Flavonoids,TESTED_INACTIVE,screened_no_qualifying_product_at_threshold,connectivity_exact__stereochemistry_unresolved,independent_study_cross_source_common_enzyme_acceptor,True,True,connectivity_match_stereo_unresolved,,not_comparable_not_tested_or_identity_conflict,not_comparable,Flavonoids,other,Baicalein,0.9
UGT71D1,ILEDWLMCKZNDJK,False,NOT_TESTED,"6,7-dihydroxy coumarin (Esculetin)",O=C1C=CC2=C(O1)C=C(O)C(O)=C2,Coumarins,1,ESCULETIN,Coumarins,TESTED_ACTIVE,qualifying_glycosylation_product_detected,connectivity_exact__stereochemistry_unresolved,independent_study_cross_source_common_enzyme_acceptor,False,True,connectivity_match_stereo_unresolved,,not_comparable_not_tested_or_identity_conflict,not_comparable,Coumarins,Coumarins,Esculetin,0.9
UGT71D1,IXORZMNAPKEEDV,False,NOT_TESTED,Gibberellin A3,C[C@@]12[C@@H](O)C=C[C@]3(OC2=O)[C@]1([H])[C@H](C(O)=O)[C@]4(CC5=C)[C@@]3([H])CC[C@]5(O)C4,Diterpenoids,0,GIBBERELLIC ACID,Diterpenoids,TESTED_INACTIVE,screened_no_qualifying_product_at_threshold,connectivity_exact__stereochemistry_unresolved,independent_study_cross_source_common_enzyme_acceptor,True,True,connectivity_match_stereo_unresolved,,not_comparable_not_tested_or_identity_conflict,not_comparable,Diterpenoids,other,Gibberellin A3,0.9
UGT71D1,IYRMWMYZSQPJKC,False,NOT_TESTED,Kaempferol,OC1=C(C2=CC=C(O)C=C2)OC3=C(C(O)=CC(O)=C3)C1=O,Flavonoids,1,KAEMPFEROL,Flavonoids,TESTED_ACTIVE,qualifying_glycosylation_product_detected,connectivity_exact__stereochemistry_unresolved,independent_study_cross_source_common_enzyme_acceptor,False,True,connectivity_match_stereo_unresolved,,not_comparable_not_tested_or_identity_conflict,not_comparable,Flavonoids,other,Kaempferol,0.9
UGT71D1,KSEBMYQBYZTDHS,False,NOT_TESTED,4-hydroxy 3-methoxy cinnamic acid,O=C(O)C=CC1=CC=C(O)C(OC)=C1,Phenylpropanoids,0,FERULIC ACID,Phenylpropanoids (C6-C3),TESTED_INACTIVE,screened_no_qualifying_product_at_threshold,connectivity_exact__stereochemistry_unresolved,independent_study_cross_source_common_enzyme_acceptor,True,True,connectivity_match_stereo_unresolved,,not_comparable_not_tested_or_identity_conflict,not_comparable,Phenylpropanoids,HCA,Ferulic acid,0.9
UGT71D1,KZJWDPNRJALLNS,False,NOT_TESTED,β-Sitosterol,CC[C@@H](C(C)C)CC[C@H]([C@H]1CC[C@@H]2[C@]1(C)CC[C@H]3[C@H]2CC=C4[C@]3(C)CC[C@H](O)C4)C,Steroids,0,BETA-SITOSTEROL,Steroids,TESTED_INACTIVE,screened_no_qualifying_product_at_threshold,connectivity_exact__stereochemistry_unresolved,independent_study_cross_source_common_enzyme_acceptor,True,True,connectivity_match_stereo_unresolved,,not_comparable_not_tested_or_identity_conflict,not_comparable,Steroids,other,β-Sitosterol,0.9
UGT71D1,ORHBXUUXSCNDEV,False,NOT_TESTED,Umbelliferone,O=C1C=CC2=C(O1)C=C(O)C=C2,Coumarins,1,UMBELLIFERONE,Coumarins,TESTED_ACTIVE,qualifying_glycosylation_product_detected,connectivity_exact__stereochemistry_unresolved,independent_study_cross_source_common_enzyme_acceptor,False,True,connectivity_match_stereo_unresolved,,not_comparable_not_tested_or_identity_conflict,not_comparable,Coumarins,Coumarins,Umbelliferone,0.9
UGT71D1,PCMORTLOPMLEFB,False,NOT_TESTED,Sinapic acid,COC1=CC(C=CC(O)=O)=CC(OC)=C1O,Phenylpropanoids,0,SINAPIC ACID,Phenylpropanoids (C6-C3),TESTED_INACTIVE,screened_no_qualifying_product_at_threshold,connectivity_exact__stereochemistry_unresolved,independent_study_cross_source_common_enzyme_acceptor,True,True,connectivity_match_stereo_unresolved,,not_comparable_not_tested_or_identity_conflict,not_comparable,Phenylpropanoids,HCA,Sinapic acid,0.9
UGT71D1,PFTAWBLQPZVEMU,False,NOT_TESTED,Catechin,OC1C(C2=CC=C(O)C(O)=C2)OC3=C(C(O)=CC(O)=C3)C1,Flavonoids,1,EPICATECHIN,Flavonoids,TESTED_ACTIVE,qualifying_glycosylation_product_detected,connectivity_exact__stereochemistry_unresolved,independent_study_cross_source_common_enzyme_acceptor,False,False,identity_conflict_connectivity_collapses_multiple_M25_stereoisomer_names,same_connectivity_multiple_M25_stereoisomer_names,not_comparable_not_tested_or_identity_conflict,not_comparable,Flavonoids,other,Catechin,0.9
UGT71D1,PQEYTAGBXNEUQL,False,NOT_TESTED,Dihydrojasmonic acid,O=C1CC[C@@H]([C@H]1CCCCC)CC(O)=O,Octadecanoids,0,DIHYDROJASMONIC ACID,Octadecanoids,TESTED_INACTIVE,screened_no_qualifying_product_at_threshold,connectivity_exact__stereochemistry_unresolved,independent_study_cross_source_common_enzyme_acceptor,True,True,connectivity_match_stereo_unresolved,,not_comparable_not_tested_or_identity_conflict,not_comparable,Octadecanoids,other,Dihydrojasmonic acid,0.9
UGT71D1,QAIPRVGONGVQAS,False,NOT_TESTED,"3,4-dihyroxy cinnamic acid",O=C(O)C=CC1=CC=C(O)C(O)=C1,Phenylpropanoids,0,CAFFEIC ACID,Phenylpropanoids (C6-C3),TESTED_INACTIVE,screened_no_qualifying_product_at_threshold,connectivity_exact__stereochemistry_unresolved,independent_study_cross_source_common_enzyme_acceptor,True,True,connectivity_match_stereo_unresolved,,not_comparable_not_tested_or_identity_conflict,not_comparable,Phenylpropanoids,HCA,Caffeic acid,0.9
UGT71D1,QANMHLXAZMSUEX,False,NOT_TESTED,Kinetin,C1(CNC2=NC=NC3=C2NC=N3)=CC=CO1,Pseudoalkaloids,0,KINETIN,Pseudoalkaloids,TESTED_INACTIVE,screened_no_qualifying_product_at_threshold,connectivity_exact__stereochemistry_unresolved,independent_study_cross_source_common_enzyme_acceptor,True,True,connectivity_match_stereo_unresolved,,not_comparable_not_tested_or_identity_conflict,not_comparable,Pseudoalkaloids,other,Kinetin,0.9
UGT71D1,REFJWTPEDVJJIY,False,NOT_TESTED,Quercetin,OC1=C(C2=CC=C(O)C(O)=C2)OC3=C(C(O)=CC(O)=C3)C1=O,Flavonoids,1,QUERCETIN,Flavonoids,TESTED_ACTIVE,qualifying_glycosylation_product_detected,connectivity_exact__stereochemistry_unresolved,independent_study_cross_source_common_enzyme_acceptor,False,True,connectivity_match_stereo_unresolved,,not_comparable_not_tested_or_identity_conflict,not_comparable,Flavonoids,other,Quercetin,0.9
UGT71D1,RODXRVNMMDRFIK,True,TESTED_ACTIVE,7-hydroxy 6-methoxy coumarin (Scopoletin),O=C1OC2=C(C=C(C(O)=C2)OC)C=C1,Coumarins,1,SCOPOLETIN,Coumarins,TESTED_ACTIVE,qualifying_glycosylation_product_detected,connectivity_exact__stereochemistry_unresolved,independent_study_cross_source_common_enzyme_acceptor,True,True,connectivity_match_stereo_unresolved,,comparable_tested,double_positive,Coumarins,Coumarins,Scopoletin,0.9
UGT71D1,TZBJGXHYKVUXJN,False,NOT_TESTED,Genistein,O=C1C(C2=CC=C(O)C=C2)=COC3=C1C(O)=CC(O)=C3,Isoflavonoids,1,GENISTEIN,Isoflavonoids,TESTED_ACTIVE,qualifying_glycosylation_product_detected,connectivity_exact__stereochemistry_unresolved,independent_study_cross_source_common_enzyme_acceptor,False,True,connectivity_match_stereo_unresolved,,not_comparable_not_tested_or_identity_conflict,not_comparable,Isoflavonoids,other,Genistein,0.9
UGT71D1,XHEFDIBZLJXQHF,False,NOT_TESTED,Fisetin,OC1=CC(OC(C2=CC(O)=C(O)C=C2)=C(O)C3=O)=C3C=C1,Flavonoids,1,FISETIN,Flavonoids,TESTED_ACTIVE,qualifying_glycosylation_product_detected,connectivity_exact__stereochemistry_unresolved,independent_study_cross_source_common_enzyme_acceptor,False,True,connectivity_match_stereo_unresolved,,not_comparable_not_tested_or_identity_conflict,not_comparable,Flavonoids,other,Fisetin,0.9
UGT72B1,FXNFHKRTJBSTCS,False,TESTED_INACTIVE,Baicalein,O=C1C=C(C2=CC=CC=C2)OC3=C1C(O)=C(C(O)=C3)O,Flavonoids,0,BAICALEIN,Flavonoids,TESTED_INACTIVE,screened_no_qualifying_product_at_threshold,connectivity_exact__stereochemistry_unresolved,independent_study_cross_source_common_enzyme_acceptor,True,True,connectivity_match_stereo_unresolved,,comparable_tested,double_not_detected,Flavonoids,other,Baicalein,0.9
UGT72B1,ILEDWLMCKZNDJK,True,TESTED_ACTIVE,"6,7-dihydroxy coumarin (Esculetin)",O=C1C=CC2=C(O1)C=C(O)C(O)=C2,Coumarins,1,ESCULETIN,Coumarins,TESTED_ACTIVE,qualifying_glycosylation_product_detected,connectivity_exact__stereochemistry_unresolved,independent_study_cross_source_common_enzyme_acceptor,True,True,connectivity_match_stereo_unresolved,,comparable_tested,double_positive,Coumarins,Coumarins,Esculetin,0.9
UGT72B1,IXORZMNAPKEEDV,False,TESTED_INACTIVE,Gibberellin A3,C[C@@]12[C@@H](O)C=C[C@]3(OC2=O)[C@]1([H])[C@H](C(O)=O)[C@]4(CC5=C)[C@@]3([H])CC[C@]5(O)C4,Diterpenoids,0,GIBBERELLIC ACID,Diterpenoids,TESTED_INACTIVE,screened_no_qualifying_product_at_threshold,connectivity_exact__stereochemistry_unresolved,independent_study_cross_source_common_enzyme_acceptor,True,True,connectivity_match_stereo_unresolved,,comparable_tested,double_not_detected,Diterpenoids,other,Gibberellin A3,0.9
UGT72B1,IYRMWMYZSQPJKC,False,TESTED_INACTIVE,Kaempferol,OC1=C(C2=CC=C(O)C=C2)OC3=C(C(O)=CC(O)=C3)C1=O,Flavonoids,1,KAEMPFEROL,Flavonoids,TESTED_ACTIVE,qualifying_glycosylation_product_detected,connectivity_exact__stereochemistry_unresolved,independent_study_cross_source_common_enzyme_acceptor,False,True,connectivity_match_stereo_unresolved,,comparable_tested,m25_only,Flavonoids,other,Kaempferol,0.9
UGT72B1,KSEBMYQBYZTDHS,False,TESTED_INACTIVE,4-hydroxy 3-methoxy cinnamic acid,O=C(O)C=CC1=CC=C(O)C(OC)=C1,Phenylpropanoids,0,FERULIC ACID,Phenylpropanoids (C6-C3),TESTED_INACTIVE,screened_no_qualifying_product_at_threshold,connectivity_exact__stereochemistry_unresolved,independent_study_cross_source_common_enzyme_acceptor,True,True,connectivity_match_stereo_unresolved,,comparable_tested,double_not_detected,Phenylpropanoids,HCA,Ferulic acid,0.9
UGT72B1,KZJWDPNRJALLNS,False,NOT_TESTED,β-Sitosterol,CC[C@@H](C(C)C)CC[C@H]([C@H]1CC[C@@H]2[C@]1(C)CC[C@H]3[C@H]2CC=C4[C@]3(C)CC[C@H](O)C4)C,Steroids,0,BETA-SITOSTEROL,Steroids,TESTED_INACTIVE,screened_no_qualifying_product_at_threshold,connectivity_exact__stereochemistry_unresolved,independent_study_cross_source_common_enzyme_acceptor,True,True,connectivity_match_stereo_unresolved,,not_comparable_not_tested_or_identity_conflict,not_comparable,Steroids,other,β-Sitosterol,0.9
UGT72B1,ORHBXUUXSCNDEV,True,TESTED_ACTIVE,Umbelliferone,O=C1C=CC2=C(O1)C=C(O)C=C2,Coumarins,1,UMBELLIFERONE,Coumarins,TESTED_ACTIVE,qualifying_glycosylation_product_detected,connectivity_exact__stereochemistry_unresolved,independent_study_cross_source_common_enzyme_acceptor,True,True,connectivity_match_stereo_unresolved,,comparable_tested,double_positive,Coumarins,Coumarins,Umbelliferone,0.9
UGT72B1,PCMORTLOPMLEFB,False,TESTED_INACTIVE,Sinapic acid,COC1=CC(C=CC(O)=O)=CC(OC)=C1O,Phenylpropanoids,0,SINAPIC ACID,Phenylpropanoids (C6-C3),TESTED_INACTIVE,screened_no_qualifying_product_at_threshold,connectivity_exact__stereochemistry_unresolved,independent_study_cross_source_common_enzyme_acceptor,True,True,connectivity_match_stereo_unresolved,,comparable_tested,double_not_detected,Phenylpropanoids,HCA,Sinapic acid,0.9
UGT72B1,PFTAWBLQPZVEMU,False,NOT_TESTED,Catechin,OC1C(C2=CC=C(O)C(O)=C2)OC3=C(C(O)=CC(O)=C3)C1,Flavonoids,0,EPICATECHIN,Flavonoids,TESTED_INACTIVE,screened_no_qualifying_product_at_threshold,connectivity_exact__stereochemistry_unresolved,independent_study_cross_source_common_enzyme_acceptor,True,False,identity_conflict_connectivity_collapses_multiple_M25_stereoisomer_names,same_connectivity_multiple_M25_stereoisomer_names,not_comparable_not_tested_or_identity_conflict,not_comparable,Flavonoids,other,Catechin,0.9
UGT72B1,PQEYTAGBXNEUQL,True,TESTED_ACTIVE,Dihydrojasmonic acid,O=C1CC[C@@H]([C@H]1CCCCC)CC(O)=O,Octadecanoids,0,DIHYDROJASMONIC ACID,Octadecanoids,TESTED_INACTIVE,screened_no_qualifying_product_at_threshold,connectivity_exact__stereochemistry_unresolved,independent_study_cross_source_common_enzyme_acceptor,False,True,connectivity_match_stereo_unresolved,,comparable_tested,y18_only,Octadecanoids,other,Dihydrojasmonic acid,0.9
UGT72B1,QAIPRVGONGVQAS,False,TESTED_INACTIVE,"3,4-dihyroxy cinnamic acid",O=C(O)C=CC1=CC=C(O)C(O)=C1,Phenylpropanoids,0,CAFFEIC ACID,Phenylpropanoids (C6-C3),TESTED_INACTIVE,screened_no_qualifying_product_at_threshold,connectivity_exact__stereochemistry_unresolved,independent_study_cross_source_common_enzyme_acceptor,True,True,connectivity_match_stereo_unresolved,,comparable_tested,double_not_detected,Phenylpropanoids,HCA,Caffeic acid,0.9
UGT72B1,QANMHLXAZMSUEX,False,TESTED_INACTIVE,Kinetin,C1(CNC2=NC=NC3=C2NC=N3)=CC=CO1,Pseudoalkaloids,0,KINETIN,Pseudoalkaloids,TESTED_INACTIVE,screened_no_qualifying_product_at_threshold,connectivity_exact__stereochemistry_unresolved,independent_study_cross_source_common_enzyme_acceptor,True,True,connectivity_match_stereo_unresolved,,comparable_tested,double_not_detected,Pseudoalkaloids,other,Kinetin,0.9
UGT72B1,REFJWTPEDVJJIY,False,TESTED_INACTIVE,Quercetin,OC1=C(C2=CC=C(O)C(O)=C2)OC3=C(C(O)=CC(O)=C3)C1=O,Flavonoids,1,QUERCETIN,Flavonoids,TESTED_ACTIVE,qualifying_glycosylation_product_detected,connectivity_exact__stereochemistry_unresolved,independent_study_cross_source_common_enzyme_acceptor,False,True,connectivity_match_stereo_unresolved,,comparable_tested,m25_only,Flavonoids,other,Quercetin,0.9
UGT72B1,RODXRVNMMDRFIK,True,TESTED_ACTIVE,7-hydroxy 6-methoxy coumarin (Scopoletin),O=C1OC2=C(C=C(C(O)=C2)OC)C=C1,Coumarins,1,SCOPOLETIN,Coumarins,TESTED_ACTIVE,qualifying_glycosylation_product_detected,connectivity_exact__stereochemistry_unresolved,independent_study_cross_source_common_enzyme_acceptor,True,True,connectivity_match_stereo_unresolved,,comparable_tested,double_positive,Coumarins,Coumarins,Scopoletin,0.9
UGT72B1,TZBJGXHYKVUXJN,False,NOT_TESTED,Genistein,O=C1C(C2=CC=C(O)C=C2)=COC3=C1C(O)=CC(O)=C3,Isoflavonoids,1,GENISTEIN,Isoflavonoids,TESTED_ACTIVE,qualifying_glycosylation_product_detected,connectivity_exact__stereochemistry_unresolved,independent_study_cross_source_common_enzyme_acceptor,False,True,connectivity_match_stereo_unresolved,,not_comparable_not_tested_or_identity_conflict,not_comparable,Isoflavonoids,other,Genistein,0.9
UGT72B1,XHEFDIBZLJXQHF,False,TESTED_INACTIVE,Fisetin,OC1=CC(OC(C2=CC(O)=C(O)C=C2)=C(O)C3=O)=C3C=C1,Flavonoids,1,FISETIN,Flavonoids,TESTED_ACTIVE,qualifying_glycosylation_product_detected,connectivity_exact__stereochemistry_unresolved,independent_study_cross_source_common_enzyme_acceptor,False,True,connectivity_match_stereo_unresolved,,comparable_tested,m25_only,Flavonoids,other,Fisetin,0.9
UGT72B3,FXNFHKRTJBSTCS,False,TESTED_INACTIVE,Baicalein,O=C1C=C(C2=CC=CC=C2)OC3=C1C(O)=C(C(O)=C3)O,Flavonoids,1,BAICALEIN,Flavonoids,TESTED_ACTIVE,qualifying_glycosylation_product_detected,connectivity_exact__stereochemistry_unresolved,independent_study_cross_source_common_enzyme_acceptor,False,True,connectivity_match_stereo_unresolved,,comparable_tested,m25_only,Flavonoids,other,Baicalein,0.9
UGT72B3,ILEDWLMCKZNDJK,True,TESTED_ACTIVE,"6,7-dihydroxy coumarin (Esculetin)",O=C1C=CC2=C(O1)C=C(O)C(O)=C2,Coumarins,1,ESCULETIN,Coumarins,TESTED_ACTIVE,qualifying_glycosylation_product_detected,connectivity_exact__stereochemistry_unresolved,independent_study_cross_source_common_enzyme_acceptor,True,True,connectivity_match_stereo_unresolved,,comparable_tested,double_positive,Coumarins,Coumarins,Esculetin,0.9
UGT72B3,IXORZMNAPKEEDV,False,TESTED_INACTIVE,Gibberellin A3,C[C@@]12[C@@H](O)C=C[C@]3(OC2=O)[C@]1([H])[C@H](C(O)=O)[C@]4(CC5=C)[C@@]3([H])CC[C@]5(O)C4,Diterpenoids,0,GIBBERELLIC ACID,Diterpenoids,TESTED_INACTIVE,screened_no_qualifying_product_at_threshold,connectivity_exact__stereochemistry_unresolved,independent_study_cross_source_common_enzyme_acceptor,True,True,connectivity_match_stereo_unresolved,,comparable_tested,double_not_detected,Diterpenoids,other,Gibberellin A3,0.9
UGT72B3,IYRMWMYZSQPJKC,True,TESTED_ACTIVE,Kaempferol,OC1=C(C2=CC=C(O)C=C2)OC3=C(C(O)=CC(O)=C3)C1=O,Flavonoids,1,KAEMPFEROL,Flavonoids,TESTED_ACTIVE,qualifying_glycosylation_product_detected,connectivity_exact__stereochemistry_unresolved,independent_study_cross_source_common_enzyme_acceptor,True,True,connectivity_match_stereo_unresolved,,comparable_tested,double_positive,Flavonoids,other,Kaempferol,0.9
UGT72B3,KSEBMYQBYZTDHS,False,TESTED_INACTIVE,4-hydroxy 3-methoxy cinnamic acid,O=C(O)C=CC1=CC=C(O)C(OC)=C1,Phenylpropanoids,0,FERULIC ACID,Phenylpropanoids (C6-C3),TESTED_INACTIVE,screened_no_qualifying_product_at_threshold,connectivity_exact__stereochemistry_unresolved,independent_study_cross_source_common_enzyme_acceptor,True,True,connectivity_match_stereo_unresolved,,comparable_tested,double_not_detected,Phenylpropanoids,HCA,Ferulic acid,0.9
UGT72B3,KZJWDPNRJALLNS,False,TESTED_INACTIVE,β-Sitosterol,CC[C@@H](C(C)C)CC[C@H]([C@H]1CC[C@@H]2[C@]1(C)CC[C@H]3[C@H]2CC=C4[C@]3(C)CC[C@H](O)C4)C,Steroids,0,BETA-SITOSTEROL,Steroids,TESTED_INACTIVE,screened_no_qualifying_product_at_threshold,connectivity_exact__stereochemistry_unresolved,independent_study_cross_source_common_enzyme_acceptor,True,True,connectivity_match_stereo_unresolved,,comparable_tested,double_not_detected,Steroids,other,β-Sitosterol,0.9
UGT72B3,ORHBXUUXSCNDEV,False,TESTED_INACTIVE,Umbelliferone,O=C1C=CC2=C(O1)C=C(O)C=C2,Coumarins,1,UMBELLIFERONE,Coumarins,TESTED_ACTIVE,qualifying_glycosylation_product_detected,connectivity_exact__stereochemistry_unresolved,independent_study_cross_source_common_enzyme_acceptor,False,True,connectivity_match_stereo_unresolved,,comparable_tested,m25_only,Coumarins,Coumarins,Umbelliferone,0.9
UGT72B3,PCMORTLOPMLEFB,False,TESTED_INACTIVE,Sinapic acid,COC1=CC(C=CC(O)=O)=CC(OC)=C1O,Phenylpropanoids,0,SINAPIC ACID,Phenylpropanoids (C6-C3),TESTED_INACTIVE,screened_no_qualifying_product_at_threshold,connectivity_exact__stereochemistry_unresolved,independent_study_cross_source_common_enzyme_acceptor,True,True,connectivity_match_stereo_unresolved,,comparable_tested,double_not_detected,Phenylpropanoids,HCA,Sinapic acid,0.9
UGT72B3,PFTAWBLQPZVEMU,False,TESTED_INACTIVE,Catechin,OC1C(C2=CC=C(O)C(O)=C2)OC3=C(C(O)=CC(O)=C3)C1,Flavonoids,0,EPICATECHIN,Flavonoids,TESTED_INACTIVE,screened_no_qualifying_product_at_threshold,connectivity_exact__stereochemistry_unresolved,independent_study_cross_source_common_enzyme_acceptor,True,False,identity_conflict_connectivity_collapses_multiple_M25_stereoisomer_names,same_connectivity_multiple_M25_stereoisomer_names,not_comparable_not_tested_or_identity_conflict,double_not_detected,Flavonoids,other,Catechin,0.9
UGT72B3,PQEYTAGBXNEUQL,False,TESTED_INACTIVE,Dihydrojasmonic acid,O=C1CC[C@@H]([C@H]1CCCCC)CC(O)=O,Octadecanoids,0,DIHYDROJASMONIC ACID,Octadecanoids,TESTED_INACTIVE,screened_no_qualifying_product_at_threshold,connectivity_exact__stereochemistry_unresolved,independent_study_cross_source_common_enzyme_acceptor,True,True,connectivity_match_stereo_unresolved,,comparable_tested,double_not_detected,Octadecanoids,other,Dihydrojasmonic acid,0.9
UGT72B3,QAIPRVGONGVQAS,False,TESTED_INACTIVE,"3,4-dihyroxy cinnamic acid",O=C(O)C=CC1=CC=C(O)C(O)=C1,Phenylpropanoids,0,CAFFEIC ACID,Phenylpropanoids (C6-C3),TESTED_INACTIVE,screened_no_qualifying_product_at_threshold,connectivity_exact__stereochemistry_unresolved,independent_study_cross_source_common_enzyme_acceptor,True,True,connectivity_match_stereo_unresolved,,comparable_tested,double_not_detected,Phenylpropanoids,HCA,Caffeic acid,0.9
UGT72B3,QANMHLXAZMSUEX,False,TESTED_INACTIVE,Kinetin,C1(CNC2=NC=NC3=C2NC=N3)=CC=CO1,Pseudoalkaloids,0,KINETIN,Pseudoalkaloids,TESTED_INACTIVE,screened_no_qualifying_product_at_threshold,connectivity_exact__stereochemistry_unresolved,independent_study_cross_source_common_enzyme_acceptor,True,True,connectivity_match_stereo_unresolved,,comparable_tested,double_not_detected,Pseudoalkaloids,other,Kinetin,0.9
UGT72B3,REFJWTPEDVJJIY,True,TESTED_ACTIVE,Quercetin,OC1=C(C2=CC=C(O)C(O)=C2)OC3=C(C(O)=CC(O)=C3)C1=O,Flavonoids,0,QUERCETIN,Flavonoids,TESTED_INACTIVE,screened_no_qualifying_product_at_threshold,connectivity_exact__stereochemistry_unresolved,independent_study_cross_source_common_enzyme_acceptor,False,True,connectivity_match_stereo_unresolved,,comparable_tested,y18_only,Flavonoids,other,Quercetin,0.9
UGT72B3,RODXRVNMMDRFIK,True,TESTED_ACTIVE,7-hydroxy 6-methoxy coumarin (Scopoletin),O=C1OC2=C(C=C(C(O)=C2)OC)C=C1,Coumarins,1,SCOPOLETIN,Coumarins,TESTED_ACTIVE,qualifying_glycosylation_product_detected,connectivity_exact__stereochemistry_unresolved,independent_study_cross_source_common_enzyme_acceptor,True,True,connectivity_match_stereo_unresolved,,comparable_tested,double_positive,Coumarins,Coumarins,Scopoletin,0.9
UGT72B3,TZBJGXHYKVUXJN,False,TESTED_INACTIVE,Genistein,O=C1C(C2=CC=C(O)C=C2)=COC3=C1C(O)=CC(O)=C3,Isoflavonoids,0,GENISTEIN,Isoflavonoids,TESTED_INACTIVE,screened_no_qualifying_product_at_threshold,connectivity_exact__stereochemistry_unresolved,independent_study_cross_source_common_enzyme_acceptor,True,True,connectivity_match_stereo_unresolved,,comparable_tested,double_not_detected,Isoflavonoids,other,Genistein,0.9
UGT72B3,XHEFDIBZLJXQHF,True,TESTED_ACTIVE,Fisetin,OC1=CC(OC(C2=CC(O)=C(O)C=C2)=C(O)C3=O)=C3C=C1,Flavonoids,1,FISETIN,Flavonoids,TESTED_ACTIVE,qualifying_glycosylation_product_detected,connectivity_exact__stereochemistry_unresolved,independent_study_cross_source_common_enzyme_acceptor,True,True,connectivity_match_stereo_unresolved,,comparable_tested,double_positive,Flavonoids,other,Fisetin,0.9
UGT72C1,FXNFHKRTJBSTCS,False,TESTED_INACTIVE,Baicalein,O=C1C=C(C2=CC=CC=C2)OC3=C1C(O)=C(C(O)=C3)O,Flavonoids,0,BAICALEIN,Flavonoids,TESTED_INACTIVE,screened_no_qualifying_product_at_threshold,connectivity_exact__stereochemistry_unresolved,independent_study_cross_source_common_enzyme_acceptor,True,True,connectivity_match_stereo_unresolved,,comparable_tested,double_not_detected,Flavonoids,other,Baicalein,0.9
UGT72C1,ILEDWLMCKZNDJK,True,TESTED_ACTIVE,"6,7-dihydroxy coumarin (Esculetin)",O=C1C=CC2=C(O1)C=C(O)C(O)=C2,Coumarins,1,ESCULETIN,Coumarins,TESTED_ACTIVE,qualifying_glycosylation_product_detected,connectivity_exact__stereochemistry_unresolved,independent_study_cross_source_common_enzyme_acceptor,True,True,connectivity_match_stereo_unresolved,,comparable_tested,double_positive,Coumarins,Coumarins,Esculetin,0.9
UGT72C1,IXORZMNAPKEEDV,False,TESTED_INACTIVE,Gibberellin A3,C[C@@]12[C@@H](O)C=C[C@]3(OC2=O)[C@]1([H])[C@H](C(O)=O)[C@]4(CC5=C)[C@@]3([H])CC[C@]5(O)C4,Diterpenoids,0,GIBBERELLIC ACID,Diterpenoids,TESTED_INACTIVE,screened_no_qualifying_product_at_threshold,connectivity_exact__stereochemistry_unresolved,independent_study_cross_source_common_enzyme_acceptor,True,True,connectivity_match_stereo_unresolved,,comparable_tested,double_not_detected,Diterpenoids,other,Gibberellin A3,0.9
UGT72C1,IYRMWMYZSQPJKC,False,TESTED_INACTIVE,Kaempferol,OC1=C(C2=CC=C(O)C=C2)OC3=C(C(O)=CC(O)=C3)C1=O,Flavonoids,0,KAEMPFEROL,Flavonoids,TESTED_INACTIVE,screened_no_qualifying_product_at_threshold,connectivity_exact__stereochemistry_unresolved,independent_study_cross_source_common_enzyme_acceptor,True,True,connectivity_match_stereo_unresolved,,comparable_tested,double_not_detected,Flavonoids,other,Kaempferol,0.9
UGT72C1,KSEBMYQBYZTDHS,False,TESTED_INACTIVE,4-hydroxy 3-methoxy cinnamic acid,O=C(O)C=CC1=CC=C(O)C(OC)=C1,Phenylpropanoids,0,FERULIC ACID,Phenylpropanoids (C6-C3),TESTED_INACTIVE,screened_no_qualifying_product_at_threshold,connectivity_exact__stereochemistry_unresolved,independent_study_cross_source_common_enzyme_acceptor,True,True,connectivity_match_stereo_unresolved,,comparable_tested,double_not_detected,Phenylpropanoids,HCA,Ferulic acid,0.9
UGT72C1,KZJWDPNRJALLNS,False,TESTED_INACTIVE,β-Sitosterol,CC[C@@H](C(C)C)CC[C@H]([C@H]1CC[C@@H]2[C@]1(C)CC[C@H]3[C@H]2CC=C4[C@]3(C)CC[C@H](O)C4)C,Steroids,0,BETA-SITOSTEROL,Steroids,TESTED_INACTIVE,screened_no_qualifying_product_at_threshold,connectivity_exact__stereochemistry_unresolved,independent_study_cross_source_common_enzyme_acceptor,True,True,connectivity_match_stereo_unresolved,,comparable_tested,double_not_detected,Steroids,other,β-Sitosterol,0.9
UGT72C1,ORHBXUUXSCNDEV,False,TESTED_INACTIVE,Umbelliferone,O=C1C=CC2=C(O1)C=C(O)C=C2,Coumarins,0,UMBELLIFERONE,Coumarins,TESTED_INACTIVE,screened_no_qualifying_product_at_threshold,connectivity_exact__stereochemistry_unresolved,independent_study_cross_source_common_enzyme_acceptor,True,True,connectivity_match_stereo_unresolved,,comparable_tested,double_not_detected,Coumarins,Coumarins,Umbelliferone,0.9
UGT72C1,PCMORTLOPMLEFB,False,TESTED_INACTIVE,Sinapic acid,COC1=CC(C=CC(O)=O)=CC(OC)=C1O,Phenylpropanoids,0,SINAPIC ACID,Phenylpropanoids (C6-C3),TESTED_INACTIVE,screened_no_qualifying_product_at_threshold,connectivity_exact__stereochemistry_unresolved,independent_study_cross_source_common_enzyme_acceptor,True,True,connectivity_match_stereo_unresolved,,comparable_tested,double_not_detected,Phenylpropanoids,HCA,Sinapic acid,0.9
UGT72C1,PFTAWBLQPZVEMU,False,TESTED_INACTIVE,Catechin,OC1C(C2=CC=C(O)C(O)=C2)OC3=C(C(O)=CC(O)=C3)C1,Flavonoids,0,EPICATECHIN,Flavonoids,TESTED_INACTIVE,screened_no_qualifying_product_at_threshold,connectivity_exact__stereochemistry_unresolved,independent_study_cross_source_common_enzyme_acceptor,True,False,identity_conflict_connectivity_collapses_multiple_M25_stereoisomer_names,same_connectivity_multiple_M25_stereoisomer_names,not_comparable_not_tested_or_identity_conflict,double_not_detected,Flavonoids,other,Catechin,0.9
UGT72C1,PQEYTAGBXNEUQL,False,TESTED_INACTIVE,Dihydrojasmonic acid,O=C1CC[C@@H]([C@H]1CCCCC)CC(O)=O,Octadecanoids,0,DIHYDROJASMONIC ACID,Octadecanoids,TESTED_INACTIVE,screened_no_qualifying_product_at_threshold,connectivity_exact__stereochemistry_unresolved,independent_study_cross_source_common_enzyme_acceptor,True,True,connectivity_match_stereo_unresolved,,comparable_tested,double_not_detected,Octadecanoids,other,Dihydrojasmonic acid,0.9
UGT72C1,QAIPRVGONGVQAS,False,TESTED_INACTIVE,"3,4-dihyroxy cinnamic acid",O=C(O)C=CC1=CC=C(O)C(O)=C1,Phenylpropanoids,0,CAFFEIC ACID,Phenylpropanoids (C6-C3),TESTED_INACTIVE,screened_no_qualifying_product_at_threshold,connectivity_exact__stereochemistry_unresolved,independent_study_cross_source_common_enzyme_acceptor,True,True,connectivity_match_stereo_unresolved,,comparable_tested,double_not_detected,Phenylpropanoids,HCA,Caffeic acid,0.9
UGT72C1,QANMHLXAZMSUEX,False,TESTED_INACTIVE,Kinetin,C1(CNC2=NC=NC3=C2NC=N3)=CC=CO1,Pseudoalkaloids,0,KINETIN,Pseudoalkaloids,TESTED_INACTIVE,screened_no_qualifying_product_at_threshold,connectivity_exact__stereochemistry_unresolved,independent_study_cross_source_common_enzyme_acceptor,True,True,connectivity_match_stereo_unresolved,,comparable_tested,double_not_detected,Pseudoalkaloids,other,Kinetin,0.9
UGT72C1,REFJWTPEDVJJIY,False,TESTED_INACTIVE,Quercetin,OC1=C(C2=CC=C(O)C(O)=C2)OC3=C(C(O)=CC(O)=C3)C1=O,Flavonoids,1,QUERCETIN,Flavonoids,TESTED_ACTIVE,qualifying_glycosylation_product_detected,connectivity_exact__stereochemistry_unresolved,independent_study_cross_source_common_enzyme_acceptor,False,True,connectivity_match_stereo_unresolved,,comparable_tested,m25_only,Flavonoids,other,Quercetin,0.9
UGT72C1,RODXRVNMMDRFIK,True,TESTED_ACTIVE,7-hydroxy 6-methoxy coumarin (Scopoletin),O=C1OC2=C(C=C(C(O)=C2)OC)C=C1,Coumarins,0,SCOPOLETIN,Coumarins,TESTED_INACTIVE,screened_no_qualifying_product_at_threshold,connectivity_exact__stereochemistry_unresolved,independent_study_cross_source_common_enzyme_acceptor,False,True,connectivity_match_stereo_unresolved,,comparable_tested,y18_only,Coumarins,Coumarins,Scopoletin,0.9
UGT72C1,TZBJGXHYKVUXJN,False,TESTED_INACTIVE,Genistein,O=C1C(C2=CC=C(O)C=C2)=COC3=C1C(O)=CC(O)=C3,Isoflavonoids,1,GENISTEIN,Isoflavonoids,TESTED_ACTIVE,qualifying_glycosylation_product_detected,connectivity_exact__stereochemistry_unresolved,independent_study_cross_source_common_enzyme_acceptor,False,True,connectivity_match_stereo_unresolved,,comparable_tested,m25_only,Isoflavonoids,other,Genistein,0.9
UGT72C1,XHEFDIBZLJXQHF,False,TESTED_INACTIVE,Fisetin,OC1=CC(OC(C2=CC(O)=C(O)C=C2)=C(O)C3=O)=C3C=C1,Flavonoids,1,FISETIN,Flavonoids,TESTED_ACTIVE,qualifying_glycosylation_product_detected,connectivity_exact__stereochemistry_unresolved,independent_study_cross_source_common_enzyme_acceptor,False,True,connectivity_match_stereo_unresolved,,comparable_tested,m25_only,Flavonoids,other,Fisetin,0.9
UGT72D1,FXNFHKRTJBSTCS,False,TESTED_INACTIVE,Baicalein,O=C1C=C(C2=CC=CC=C2)OC3=C1C(O)=C(C(O)=C3)O,Flavonoids,0,BAICALEIN,Flavonoids,TESTED_INACTIVE,screened_no_qualifying_product_at_threshold,connectivity_exact__stereochemistry_unresolved,independent_study_cross_source_common_enzyme_acceptor,True,True,connectivity_match_stereo_unresolved,,comparable_tested,double_not_detected,Flavonoids,other,Baicalein,0.9
UGT72D1,ILEDWLMCKZNDJK,True,TESTED_ACTIVE,"6,7-dihydroxy coumarin (Esculetin)",O=C1C=CC2=C(O1)C=C(O)C(O)=C2,Coumarins,1,ESCULETIN,Coumarins,TESTED_ACTIVE,qualifying_glycosylation_product_detected,connectivity_exact__stereochemistry_unresolved,independent_study_cross_source_common_enzyme_acceptor,True,True,connectivity_match_stereo_unresolved,,comparable_tested,double_positive,Coumarins,Coumarins,Esculetin,0.9
UGT72D1,IXORZMNAPKEEDV,False,TESTED_INACTIVE,Gibberellin A3,C[C@@]12[C@@H](O)C=C[C@]3(OC2=O)[C@]1([H])[C@H](C(O)=O)[C@]4(CC5=C)[C@@]3([H])CC[C@]5(O)C4,Diterpenoids,0,GIBBERELLIC ACID,Diterpenoids,TESTED_INACTIVE,screened_no_qualifying_product_at_threshold,connectivity_exact__stereochemistry_unresolved,independent_study_cross_source_common_enzyme_acceptor,True,True,connectivity_match_stereo_unresolved,,comparable_tested,double_not_detected,Diterpenoids,other,Gibberellin A3,0.9
UGT72D1,IYRMWMYZSQPJKC,True,TESTED_ACTIVE,Kaempferol,OC1=C(C2=CC=C(O)C=C2)OC3=C(C(O)=CC(O)=C3)C1=O,Flavonoids,0,KAEMPFEROL,Flavonoids,TESTED_INACTIVE,screened_no_qualifying_product_at_threshold,connectivity_exact__stereochemistry_unresolved,independent_study_cross_source_common_enzyme_acceptor,False,True,connectivity_match_stereo_unresolved,,comparable_tested,y18_only,Flavonoids,other,Kaempferol,0.9
UGT72D1,KSEBMYQBYZTDHS,False,TESTED_INACTIVE,4-hydroxy 3-methoxy cinnamic acid,O=C(O)C=CC1=CC=C(O)C(OC)=C1,Phenylpropanoids,0,FERULIC ACID,Phenylpropanoids (C6-C3),TESTED_INACTIVE,screened_no_qualifying_product_at_threshold,connectivity_exact__stereochemistry_unresolved,independent_study_cross_source_common_enzyme_acceptor,True,True,connectivity_match_stereo_unresolved,,comparable_tested,double_not_detected,Phenylpropanoids,HCA,Ferulic acid,0.9
UGT72D1,KZJWDPNRJALLNS,False,TESTED_INACTIVE,β-Sitosterol,CC[C@@H](C(C)C)CC[C@H]([C@H]1CC[C@@H]2[C@]1(C)CC[C@H]3[C@H]2CC=C4[C@]3(C)CC[C@H](O)C4)C,Steroids,0,BETA-SITOSTEROL,Steroids,TESTED_INACTIVE,screened_no_qualifying_product_at_threshold,connectivity_exact__stereochemistry_unresolved,independent_study_cross_source_common_enzyme_acceptor,True,True,connectivity_match_stereo_unresolved,,comparable_tested,double_not_detected,Steroids,other,β-Sitosterol,0.9
UGT72D1,ORHBXUUXSCNDEV,False,TESTED_INACTIVE,Umbelliferone,O=C1C=CC2=C(O1)C=C(O)C=C2,Coumarins,0,UMBELLIFERONE,Coumarins,TESTED_INACTIVE,screened_no_qualifying_product_at_threshold,connectivity_exact__stereochemistry_unresolved,independent_study_cross_source_common_enzyme_acceptor,True,True,connectivity_match_stereo_unresolved,,comparable_tested,double_not_detected,Coumarins,Coumarins,Umbelliferone,0.9
UGT72D1,PCMORTLOPMLEFB,False,TESTED_INACTIVE,Sinapic acid,COC1=CC(C=CC(O)=O)=CC(OC)=C1O,Phenylpropanoids,0,SINAPIC ACID,Phenylpropanoids (C6-C3),TESTED_INACTIVE,screened_no_qualifying_product_at_threshold,connectivity_exact__stereochemistry_unresolved,independent_study_cross_source_common_enzyme_acceptor,True,True,connectivity_match_stereo_unresolved,,comparable_tested,double_not_detected,Phenylpropanoids,HCA,Sinapic acid,0.9
UGT72D1,PFTAWBLQPZVEMU,True,TESTED_ACTIVE,Catechin,OC1C(C2=CC=C(O)C(O)=C2)OC3=C(C(O)=CC(O)=C3)C1,Flavonoids,1,EPICATECHIN,Flavonoids,TESTED_ACTIVE,qualifying_glycosylation_product_detected,connectivity_exact__stereochemistry_unresolved,independent_study_cross_source_common_enzyme_acceptor,True,False,identity_conflict_connectivity_collapses_multiple_M25_stereoisomer_names,same_connectivity_multiple_M25_stereoisomer_names,not_comparable_not_tested_or_identity_conflict,double_positive,Flavonoids,other,Catechin,0.9
UGT72D1,PQEYTAGBXNEUQL,False,TESTED_INACTIVE,Dihydrojasmonic acid,O=C1CC[C@@H]([C@H]1CCCCC)CC(O)=O,Octadecanoids,0,DIHYDROJASMONIC ACID,Octadecanoids,TESTED_INACTIVE,screened_no_qualifying_product_at_threshold,connectivity_exact__stereochemistry_unresolved,independent_study_cross_source_common_enzyme_acceptor,True,True,connectivity_match_stereo_unresolved,,comparable_tested,double_not_detected,Octadecanoids,other,Dihydrojasmonic acid,0.9
UGT72D1,QAIPRVGONGVQAS,False,TESTED_INACTIVE,"3,4-dihyroxy cinnamic acid",O=C(O)C=CC1=CC=C(O)C(O)=C1,Phenylpropanoids,0,CAFFEIC ACID,Phenylpropanoids (C6-C3),TESTED_INACTIVE,screened_no_qualifying_product_at_threshold,connectivity_exact__stereochemistry_unresolved,independent_study_cross_source_common_enzyme_acceptor,True,True,connectivity_match_stereo_unresolved,,comparable_tested,double_not_detected,Phenylpropanoids,HCA,Caffeic acid,0.9
UGT72D1,QANMHLXAZMSUEX,False,TESTED_INACTIVE,Kinetin,C1(CNC2=NC=NC3=C2NC=N3)=CC=CO1,Pseudoalkaloids,0,KINETIN,Pseudoalkaloids,TESTED_INACTIVE,screened_no_qualifying_product_at_threshold,connectivity_exact__stereochemistry_unresolved,independent_study_cross_source_common_enzyme_acceptor,True,True,connectivity_match_stereo_unresolved,,comparable_tested,double_not_detected,Pseudoalkaloids,other,Kinetin,0.9
UGT72D1,REFJWTPEDVJJIY,True,TESTED_ACTIVE,Quercetin,OC1=C(C2=CC=C(O)C(O)=C2)OC3=C(C(O)=CC(O)=C3)C1=O,Flavonoids,0,QUERCETIN,Flavonoids,TESTED_INACTIVE,screened_no_qualifying_product_at_threshold,connectivity_exact__stereochemistry_unresolved,independent_study_cross_source_common_enzyme_acceptor,False,True,connectivity_match_stereo_unresolved,,comparable_tested,y18_only,Flavonoids,other,Quercetin,0.9
UGT72D1,RODXRVNMMDRFIK,True,TESTED_ACTIVE,7-hydroxy 6-methoxy coumarin (Scopoletin),O=C1OC2=C(C=C(C(O)=C2)OC)C=C1,Coumarins,1,SCOPOLETIN,Coumarins,TESTED_ACTIVE,qualifying_glycosylation_product_detected,connectivity_exact__stereochemistry_unresolved,independent_study_cross_source_common_enzyme_acceptor,True,True,connectivity_match_stereo_unresolved,,comparable_tested,double_positive,Coumarins,Coumarins,Scopoletin,0.9
UGT72D1,TZBJGXHYKVUXJN,True,TESTED_ACTIVE,Genistein,O=C1C(C2=CC=C(O)C=C2)=COC3=C1C(O)=CC(O)=C3,Isoflavonoids,1,GENISTEIN,Isoflavonoids,TESTED_ACTIVE,qualifying_glycosylation_product_detected,connectivity_exact__stereochemistry_unresolved,independent_study_cross_source_common_enzyme_acceptor,True,True,connectivity_match_stereo_unresolved,,comparable_tested,double_positive,Isoflavonoids,other,Genistein,0.9
UGT72D1,XHEFDIBZLJXQHF,True,TESTED_ACTIVE,Fisetin,OC1=CC(OC(C2=CC(O)=C(O)C=C2)=C(O)C3=O)=C3C=C1,Flavonoids,1,FISETIN,Flavonoids,TESTED_ACTIVE,qualifying_glycosylation_product_detected,connectivity_exact__stereochemistry_unresolved,independent_study_cross_source_common_enzyme_acceptor,True,True,connectivity_match_stereo_unresolved,,comparable_tested,double_positive,Flavonoids,other,Fisetin,0.9
UGT72E1,FXNFHKRTJBSTCS,False,TESTED_INACTIVE,Baicalein,O=C1C=C(C2=CC=CC=C2)OC3=C1C(O)=C(C(O)=C3)O,Flavonoids,0,BAICALEIN,Flavonoids,TESTED_INACTIVE,screened_no_qualifying_product_at_threshold,connectivity_exact__stereochemistry_unresolved,independent_study_cross_source_common_enzyme_acceptor,True,True,connectivity_match_stereo_unresolved,,comparable_tested,double_not_detected,Flavonoids,other,Baicalein,0.9
UGT72E1,ILEDWLMCKZNDJK,True,TESTED_ACTIVE,"6,7-dihydroxy coumarin (Esculetin)",O=C1C=CC2=C(O1)C=C(O)C(O)=C2,Coumarins,1,ESCULETIN,Coumarins,TESTED_ACTIVE,qualifying_glycosylation_product_detected,connectivity_exact__stereochemistry_unresolved,independent_study_cross_source_common_enzyme_acceptor,True,True,connectivity_match_stereo_unresolved,,comparable_tested,double_positive,Coumarins,Coumarins,Esculetin,0.9
UGT72E1,IXORZMNAPKEEDV,False,TESTED_INACTIVE,Gibberellin A3,C[C@@]12[C@@H](O)C=C[C@]3(OC2=O)[C@]1([H])[C@H](C(O)=O)[C@]4(CC5=C)[C@@]3([H])CC[C@]5(O)C4,Diterpenoids,0,GIBBERELLIC ACID,Diterpenoids,TESTED_INACTIVE,screened_no_qualifying_product_at_threshold,connectivity_exact__stereochemistry_unresolved,independent_study_cross_source_common_enzyme_acceptor,True,True,connectivity_match_stereo_unresolved,,comparable_tested,double_not_detected,Diterpenoids,other,Gibberellin A3,0.9
UGT72E1,IYRMWMYZSQPJKC,True,TESTED_ACTIVE,Kaempferol,OC1=C(C2=CC=C(O)C=C2)OC3=C(C(O)=CC(O)=C3)C1=O,Flavonoids,1,KAEMPFEROL,Flavonoids,TESTED_ACTIVE,qualifying_glycosylation_product_detected,connectivity_exact__stereochemistry_unresolved,independent_study_cross_source_common_enzyme_acceptor,True,True,connectivity_match_stereo_unresolved,,comparable_tested,double_positive,Flavonoids,other,Kaempferol,0.9
UGT72E1,KSEBMYQBYZTDHS,False,TESTED_INACTIVE,4-hydroxy 3-methoxy cinnamic acid,O=C(O)C=CC1=CC=C(O)C(OC)=C1,Phenylpropanoids,0,FERULIC ACID,Phenylpropanoids (C6-C3),TESTED_INACTIVE,screened_no_qualifying_product_at_threshold,connectivity_exact__stereochemistry_unresolved,independent_study_cross_source_common_enzyme_acceptor,True,True,connectivity_match_stereo_unresolved,,comparable_tested,double_not_detected,Phenylpropanoids,HCA,Ferulic acid,0.9
UGT72E1,KZJWDPNRJALLNS,False,TESTED_INACTIVE,β-Sitosterol,CC[C@@H](C(C)C)CC[C@H]([C@H]1CC[C@@H]2[C@]1(C)CC[C@H]3[C@H]2CC=C4[C@]3(C)CC[C@H](O)C4)C,Steroids,0,BETA-SITOSTEROL,Steroids,TESTED_INACTIVE,screened_no_qualifying_product_at_threshold,connectivity_exact__stereochemistry_unresolved,independent_study_cross_source_common_enzyme_acceptor,True,True,connectivity_match_stereo_unresolved,,comparable_tested,double_not_detected,Steroids,other,β-Sitosterol,0.9
UGT72E1,ORHBXUUXSCNDEV,False,TESTED_INACTIVE,Umbelliferone,O=C1C=CC2=C(O1)C=C(O)C=C2,Coumarins,1,UMBELLIFERONE,Coumarins,TESTED_ACTIVE,qualifying_glycosylation_product_detected,connectivity_exact__stereochemistry_unresolved,independent_study_cross_source_common_enzyme_acceptor,False,True,connectivity_match_stereo_unresolved,,comparable_tested,m25_only,Coumarins,Coumarins,Umbelliferone,0.9
UGT72E1,PCMORTLOPMLEFB,False,TESTED_INACTIVE,Sinapic acid,COC1=CC(C=CC(O)=O)=CC(OC)=C1O,Phenylpropanoids,0,SINAPIC ACID,Phenylpropanoids (C6-C3),TESTED_INACTIVE,screened_no_qualifying_product_at_threshold,connectivity_exact__stereochemistry_unresolved,independent_study_cross_source_common_enzyme_acceptor,True,True,connectivity_match_stereo_unresolved,,comparable_tested,double_not_detected,Phenylpropanoids,HCA,Sinapic acid,0.9
UGT72E1,PFTAWBLQPZVEMU,True,TESTED_ACTIVE,Catechin,OC1C(C2=CC=C(O)C(O)=C2)OC3=C(C(O)=CC(O)=C3)C1,Flavonoids,0,EPICATECHIN,Flavonoids,TESTED_INACTIVE,screened_no_qualifying_product_at_threshold,connectivity_exact__stereochemistry_unresolved,independent_study_cross_source_common_enzyme_acceptor,False,False,identity_conflict_connectivity_collapses_multiple_M25_stereoisomer_names,same_connectivity_multiple_M25_stereoisomer_names,not_comparable_not_tested_or_identity_conflict,y18_only,Flavonoids,other,Catechin,0.9
UGT72E1,PQEYTAGBXNEUQL,False,TESTED_INACTIVE,Dihydrojasmonic acid,O=C1CC[C@@H]([C@H]1CCCCC)CC(O)=O,Octadecanoids,0,DIHYDROJASMONIC ACID,Octadecanoids,TESTED_INACTIVE,screened_no_qualifying_product_at_threshold,connectivity_exact__stereochemistry_unresolved,independent_study_cross_source_common_enzyme_acceptor,True,True,connectivity_match_stereo_unresolved,,comparable_tested,double_not_detected,Octadecanoids,other,Dihydrojasmonic acid,0.9
UGT72E1,QAIPRVGONGVQAS,False,TESTED_INACTIVE,"3,4-dihyroxy cinnamic acid",O=C(O)C=CC1=CC=C(O)C(O)=C1,Phenylpropanoids,0,CAFFEIC ACID,Phenylpropanoids (C6-C3),TESTED_INACTIVE,screened_no_qualifying_product_at_threshold,connectivity_exact__stereochemistry_unresolved,independent_study_cross_source_common_enzyme_acceptor,True,True,connectivity_match_stereo_unresolved,,comparable_tested,double_not_detected,Phenylpropanoids,HCA,Caffeic acid,0.9
UGT72E1,QANMHLXAZMSUEX,False,TESTED_INACTIVE,Kinetin,C1(CNC2=NC=NC3=C2NC=N3)=CC=CO1,Pseudoalkaloids,0,KINETIN,Pseudoalkaloids,TESTED_INACTIVE,screened_no_qualifying_product_at_threshold,connectivity_exact__stereochemistry_unresolved,independent_study_cross_source_common_enzyme_acceptor,True,True,connectivity_match_stereo_unresolved,,comparable_tested,double_not_detected,Pseudoalkaloids,other,Kinetin,0.9
UGT72E1,REFJWTPEDVJJIY,True,TESTED_ACTIVE,Quercetin,OC1=C(C2=CC=C(O)C(O)=C2)OC3=C(C(O)=CC(O)=C3)C1=O,Flavonoids,0,QUERCETIN,Flavonoids,TESTED_INACTIVE,screened_no_qualifying_product_at_threshold,connectivity_exact__stereochemistry_unresolved,independent_study_cross_source_common_enzyme_acceptor,False,True,connectivity_match_stereo_unresolved,,comparable_tested,y18_only,Flavonoids,other,Quercetin,0.9
UGT72E1,RODXRVNMMDRFIK,True,TESTED_ACTIVE,7-hydroxy 6-methoxy coumarin (Scopoletin),O=C1OC2=C(C=C(C(O)=C2)OC)C=C1,Coumarins,1,SCOPOLETIN,Coumarins,TESTED_ACTIVE,qualifying_glycosylation_product_detected,connectivity_exact__stereochemistry_unresolved,independent_study_cross_source_common_enzyme_acceptor,True,True,connectivity_match_stereo_unresolved,,comparable_tested,double_positive,Coumarins,Coumarins,Scopoletin,0.9
UGT72E1,TZBJGXHYKVUXJN,False,TESTED_INACTIVE,Genistein,O=C1C(C2=CC=C(O)C=C2)=COC3=C1C(O)=CC(O)=C3,Isoflavonoids,1,GENISTEIN,Isoflavonoids,TESTED_ACTIVE,qualifying_glycosylation_product_detected,connectivity_exact__stereochemistry_unresolved,independent_study_cross_source_common_enzyme_acceptor,False,True,connectivity_match_stereo_unresolved,,comparable_tested,m25_only,Isoflavonoids,other,Genistein,0.9
UGT72E1,XHEFDIBZLJXQHF,True,TESTED_ACTIVE,Fisetin,OC1=CC(OC(C2=CC(O)=C(O)C=C2)=C(O)C3=O)=C3C=C1,Flavonoids,1,FISETIN,Flavonoids,TESTED_ACTIVE,qualifying_glycosylation_product_detected,connectivity_exact__stereochemistry_unresolved,independent_study_cross_source_common_enzyme_acceptor,True,True,connectivity_match_stereo_unresolved,,comparable_tested,double_positive,Flavonoids,other,Fisetin,0.9
UGT72E2,FXNFHKRTJBSTCS,False,TESTED_INACTIVE,Baicalein,O=C1C=C(C2=CC=CC=C2)OC3=C1C(O)=C(C(O)=C3)O,Flavonoids,0,BAICALEIN,Flavonoids,TESTED_INACTIVE,screened_no_qualifying_product_at_threshold,connectivity_exact__stereochemistry_unresolved,independent_study_cross_source_common_enzyme_acceptor,True,True,connectivity_match_stereo_unresolved,,comparable_tested,double_not_detected,Flavonoids,other,Baicalein,0.9
UGT72E2,ILEDWLMCKZNDJK,True,TESTED_ACTIVE,"6,7-dihydroxy coumarin (Esculetin)",O=C1C=CC2=C(O1)C=C(O)C(O)=C2,Coumarins,1,ESCULETIN,Coumarins,TESTED_ACTIVE,qualifying_glycosylation_product_detected,connectivity_exact__stereochemistry_unresolved,independent_study_cross_source_common_enzyme_acceptor,True,True,connectivity_match_stereo_unresolved,,comparable_tested,double_positive,Coumarins,Coumarins,Esculetin,0.9
UGT72E2,IXORZMNAPKEEDV,False,TESTED_INACTIVE,Gibberellin A3,C[C@@]12[C@@H](O)C=C[C@]3(OC2=O)[C@]1([H])[C@H](C(O)=O)[C@]4(CC5=C)[C@@]3([H])CC[C@]5(O)C4,Diterpenoids,0,GIBBERELLIC ACID,Diterpenoids,TESTED_INACTIVE,screened_no_qualifying_product_at_threshold,connectivity_exact__stereochemistry_unresolved,independent_study_cross_source_common_enzyme_acceptor,True,True,connectivity_match_stereo_unresolved,,comparable_tested,double_not_detected,Diterpenoids,other,Gibberellin A3,0.9
UGT72E2,IYRMWMYZSQPJKC,False,TESTED_INACTIVE,Kaempferol,OC1=C(C2=CC=C(O)C=C2)OC3=C(C(O)=CC(O)=C3)C1=O,Flavonoids,1,KAEMPFEROL,Flavonoids,TESTED_ACTIVE,qualifying_glycosylation_product_detected,connectivity_exact__stereochemistry_unresolved,independent_study_cross_source_common_enzyme_acceptor,False,True,connectivity_match_stereo_unresolved,,comparable_tested,m25_only,Flavonoids,other,Kaempferol,0.9
UGT72E2,KSEBMYQBYZTDHS,True,TESTED_ACTIVE,4-hydroxy 3-methoxy cinnamic acid,O=C(O)C=CC1=CC=C(O)C(OC)=C1,Phenylpropanoids,1,FERULIC ACID,Phenylpropanoids (C6-C3),TESTED_ACTIVE,qualifying_glycosylation_product_detected,connectivity_exact__stereochemistry_unresolved,independent_study_cross_source_common_enzyme_acceptor,True,True,connectivity_match_stereo_unresolved,,comparable_tested,double_positive,Phenylpropanoids,HCA,Ferulic acid,0.9
UGT72E2,KZJWDPNRJALLNS,False,TESTED_INACTIVE,β-Sitosterol,CC[C@@H](C(C)C)CC[C@H]([C@H]1CC[C@@H]2[C@]1(C)CC[C@H]3[C@H]2CC=C4[C@]3(C)CC[C@H](O)C4)C,Steroids,0,BETA-SITOSTEROL,Steroids,TESTED_INACTIVE,screened_no_qualifying_product_at_threshold,connectivity_exact__stereochemistry_unresolved,independent_study_cross_source_common_enzyme_acceptor,True,True,connectivity_match_stereo_unresolved,,comparable_tested,double_not_detected,Steroids,other,β-Sitosterol,0.9
UGT72E2,ORHBXUUXSCNDEV,False,TESTED_INACTIVE,Umbelliferone,O=C1C=CC2=C(O1)C=C(O)C=C2,Coumarins,1,UMBELLIFERONE,Coumarins,TESTED_ACTIVE,qualifying_glycosylation_product_detected,connectivity_exact__stereochemistry_unresolved,independent_study_cross_source_common_enzyme_acceptor,False,True,connectivity_match_stereo_unresolved,,comparable_tested,m25_only,Coumarins,Coumarins,Umbelliferone,0.9
UGT72E2,PCMORTLOPMLEFB,True,TESTED_ACTIVE,Sinapic acid,COC1=CC(C=CC(O)=O)=CC(OC)=C1O,Phenylpropanoids,0,SINAPIC ACID,Phenylpropanoids (C6-C3),TESTED_INACTIVE,screened_no_qualifying_product_at_threshold,connectivity_exact__stereochemistry_unresolved,independent_study_cross_source_common_enzyme_acceptor,False,True,connectivity_match_stereo_unresolved,,comparable_tested,y18_only,Phenylpropanoids,HCA,Sinapic acid,0.9
UGT72E2,PFTAWBLQPZVEMU,False,TESTED_INACTIVE,Catechin,OC1C(C2=CC=C(O)C(O)=C2)OC3=C(C(O)=CC(O)=C3)C1,Flavonoids,0,EPICATECHIN,Flavonoids,TESTED_INACTIVE,screened_no_qualifying_product_at_threshold,connectivity_exact__stereochemistry_unresolved,independent_study_cross_source_common_enzyme_acceptor,True,False,identity_conflict_connectivity_collapses_multiple_M25_stereoisomer_names,same_connectivity_multiple_M25_stereoisomer_names,not_comparable_not_tested_or_identity_conflict,double_not_detected,Flavonoids,other,Catechin,0.9
UGT72E2,PQEYTAGBXNEUQL,False,TESTED_INACTIVE,Dihydrojasmonic acid,O=C1CC[C@@H]([C@H]1CCCCC)CC(O)=O,Octadecanoids,0,DIHYDROJASMONIC ACID,Octadecanoids,TESTED_INACTIVE,screened_no_qualifying_product_at_threshold,connectivity_exact__stereochemistry_unresolved,independent_study_cross_source_common_enzyme_acceptor,True,True,connectivity_match_stereo_unresolved,,comparable_tested,double_not_detected,Octadecanoids,other,Dihydrojasmonic acid,0.9
UGT72E2,QAIPRVGONGVQAS,True,TESTED_ACTIVE,"3,4-dihyroxy cinnamic acid",O=C(O)C=CC1=CC=C(O)C(O)=C1,Phenylpropanoids,0,CAFFEIC ACID,Phenylpropanoids (C6-C3),TESTED_INACTIVE,screened_no_qualifying_product_at_threshold,connectivity_exact__stereochemistry_unresolved,independent_study_cross_source_common_enzyme_acceptor,False,True,connectivity_match_stereo_unresolved,,comparable_tested,y18_only,Phenylpropanoids,HCA,Caffeic acid,0.9
UGT72E2,QANMHLXAZMSUEX,False,TESTED_INACTIVE,Kinetin,C1(CNC2=NC=NC3=C2NC=N3)=CC=CO1,Pseudoalkaloids,0,KINETIN,Pseudoalkaloids,TESTED_INACTIVE,screened_no_qualifying_product_at_threshold,connectivity_exact__stereochemistry_unresolved,independent_study_cross_source_common_enzyme_acceptor,True,True,connectivity_match_stereo_unresolved,,comparable_tested,double_not_detected,Pseudoalkaloids,other,Kinetin,0.9
UGT72E2,REFJWTPEDVJJIY,False,TESTED_INACTIVE,Quercetin,OC1=C(C2=CC=C(O)C(O)=C2)OC3=C(C(O)=CC(O)=C3)C1=O,Flavonoids,0,QUERCETIN,Flavonoids,TESTED_INACTIVE,screened_no_qualifying_product_at_threshold,connectivity_exact__stereochemistry_unresolved,independent_study_cross_source_common_enzyme_acceptor,True,True,connectivity_match_stereo_unresolved,,comparable_tested,double_not_detected,Flavonoids,other,Quercetin,0.9
UGT72E2,RODXRVNMMDRFIK,True,TESTED_ACTIVE,7-hydroxy 6-methoxy coumarin (Scopoletin),O=C1OC2=C(C=C(C(O)=C2)OC)C=C1,Coumarins,1,SCOPOLETIN,Coumarins,TESTED_ACTIVE,qualifying_glycosylation_product_detected,connectivity_exact__stereochemistry_unresolved,independent_study_cross_source_common_enzyme_acceptor,True,True,connectivity_match_stereo_unresolved,,comparable_tested,double_positive,Coumarins,Coumarins,Scopoletin,0.9
UGT72E2,TZBJGXHYKVUXJN,False,TESTED_INACTIVE,Genistein,O=C1C(C2=CC=C(O)C=C2)=COC3=C1C(O)=CC(O)=C3,Isoflavonoids,1,GENISTEIN,Isoflavonoids,TESTED_ACTIVE,qualifying_glycosylation_product_detected,connectivity_exact__stereochemistry_unresolved,independent_study_cross_source_common_enzyme_acceptor,False,True,connectivity_match_stereo_unresolved,,comparable_tested,m25_only,Isoflavonoids,other,Genistein,0.9
UGT72E2,XHEFDIBZLJXQHF,False,TESTED_INACTIVE,Fisetin,OC1=CC(OC(C2=CC(O)=C(O)C=C2)=C(O)C3=O)=C3C=C1,Flavonoids,1,FISETIN,Flavonoids,TESTED_ACTIVE,qualifying_glycosylation_product_detected,connectivity_exact__stereochemistry_unresolved,independent_study_cross_source_common_enzyme_acceptor,False,True,connectivity_match_stereo_unresolved,,comparable_tested,m25_only,Flavonoids,other,Fisetin,0.9
UGT72E3,FXNFHKRTJBSTCS,False,TESTED_INACTIVE,Baicalein,O=C1C=C(C2=CC=CC=C2)OC3=C1C(O)=C(C(O)=C3)O,Flavonoids,0,BAICALEIN,Flavonoids,TESTED_INACTIVE,screened_no_qualifying_product_at_threshold,connectivity_exact__stereochemistry_unresolved,independent_study_cross_source_common_enzyme_acceptor,True,True,connectivity_match_stereo_unresolved,,comparable_tested,double_not_detected,Flavonoids,other,Baicalein,0.9
UGT72E3,ILEDWLMCKZNDJK,True,TESTED_ACTIVE,"6,7-dihydroxy coumarin (Esculetin)",O=C1C=CC2=C(O1)C=C(O)C(O)=C2,Coumarins,0,ESCULETIN,Coumarins,TESTED_INACTIVE,screened_no_qualifying_product_at_threshold,connectivity_exact__stereochemistry_unresolved,independent_study_cross_source_common_enzyme_acceptor,False,True,connectivity_match_stereo_unresolved,,comparable_tested,y18_only,Coumarins,Coumarins,Esculetin,0.9
UGT72E3,IXORZMNAPKEEDV,False,TESTED_INACTIVE,Gibberellin A3,C[C@@]12[C@@H](O)C=C[C@]3(OC2=O)[C@]1([H])[C@H](C(O)=O)[C@]4(CC5=C)[C@@]3([H])CC[C@]5(O)C4,Diterpenoids,0,GIBBERELLIC ACID,Diterpenoids,TESTED_INACTIVE,screened_no_qualifying_product_at_threshold,connectivity_exact__stereochemistry_unresolved,independent_study_cross_source_common_enzyme_acceptor,True,True,connectivity_match_stereo_unresolved,,comparable_tested,double_not_detected,Diterpenoids,other,Gibberellin A3,0.9
UGT72E3,IYRMWMYZSQPJKC,False,TESTED_INACTIVE,Kaempferol,OC1=C(C2=CC=C(O)C=C2)OC3=C(C(O)=CC(O)=C3)C1=O,Flavonoids,0,KAEMPFEROL,Flavonoids,TESTED_INACTIVE,screened_no_qualifying_product_at_threshold,connectivity_exact__stereochemistry_unresolved,independent_study_cross_source_common_enzyme_acceptor,True,True,connectivity_match_stereo_unresolved,,comparable_tested,double_not_detected,Flavonoids,other,Kaempferol,0.9
UGT72E3,KSEBMYQBYZTDHS,True,TESTED_ACTIVE,4-hydroxy 3-methoxy cinnamic acid,O=C(O)C=CC1=CC=C(O)C(OC)=C1,Phenylpropanoids,0,FERULIC ACID,Phenylpropanoids (C6-C3),TESTED_INACTIVE,screened_no_qualifying_product_at_threshold,connectivity_exact__stereochemistry_unresolved,independent_study_cross_source_common_enzyme_acceptor,False,True,connectivity_match_stereo_unresolved,,comparable_tested,y18_only,Phenylpropanoids,HCA,Ferulic acid,0.9
UGT72E3,KZJWDPNRJALLNS,False,TESTED_INACTIVE,β-Sitosterol,CC[C@@H](C(C)C)CC[C@H]([C@H]1CC[C@@H]2[C@]1(C)CC[C@H]3[C@H]2CC=C4[C@]3(C)CC[C@H](O)C4)C,Steroids,0,BETA-SITOSTEROL,Steroids,TESTED_INACTIVE,screened_no_qualifying_product_at_threshold,connectivity_exact__stereochemistry_unresolved,independent_study_cross_source_common_enzyme_acceptor,True,True,connectivity_match_stereo_unresolved,,comparable_tested,double_not_detected,Steroids,other,β-Sitosterol,0.9
UGT72E3,ORHBXUUXSCNDEV,False,TESTED_INACTIVE,Umbelliferone,O=C1C=CC2=C(O1)C=C(O)C=C2,Coumarins,0,UMBELLIFERONE,Coumarins,TESTED_INACTIVE,screened_no_qualifying_product_at_threshold,connectivity_exact__stereochemistry_unresolved,independent_study_cross_source_common_enzyme_acceptor,True,True,connectivity_match_stereo_unresolved,,comparable_tested,double_not_detected,Coumarins,Coumarins,Umbelliferone,0.9
UGT72E3,PCMORTLOPMLEFB,True,TESTED_ACTIVE,Sinapic acid,COC1=CC(C=CC(O)=O)=CC(OC)=C1O,Phenylpropanoids,0,SINAPIC ACID,Phenylpropanoids (C6-C3),TESTED_INACTIVE,screened_no_qualifying_product_at_threshold,connectivity_exact__stereochemistry_unresolved,independent_study_cross_source_common_enzyme_acceptor,False,True,connectivity_match_stereo_unresolved,,comparable_tested,y18_only,Phenylpropanoids,HCA,Sinapic acid,0.9
UGT72E3,PFTAWBLQPZVEMU,True,TESTED_ACTIVE,Catechin,OC1C(C2=CC=C(O)C(O)=C2)OC3=C(C(O)=CC(O)=C3)C1,Flavonoids,0,EPICATECHIN,Flavonoids,TESTED_INACTIVE,screened_no_qualifying_product_at_threshold,connectivity_exact__stereochemistry_unresolved,independent_study_cross_source_common_enzyme_acceptor,False,False,identity_conflict_connectivity_collapses_multiple_M25_stereoisomer_names,same_connectivity_multiple_M25_stereoisomer_names,not_comparable_not_tested_or_identity_conflict,y18_only,Flavonoids,other,Catechin,0.9
UGT72E3,PQEYTAGBXNEUQL,False,TESTED_INACTIVE,Dihydrojasmonic acid,O=C1CC[C@@H]([C@H]1CCCCC)CC(O)=O,Octadecanoids,0,DIHYDROJASMONIC ACID,Octadecanoids,TESTED_INACTIVE,screened_no_qualifying_product_at_threshold,connectivity_exact__stereochemistry_unresolved,independent_study_cross_source_common_enzyme_acceptor,True,True,connectivity_match_stereo_unresolved,,comparable_tested,double_not_detected,Octadecanoids,other,Dihydrojasmonic acid,0.9
UGT72E3,QAIPRVGONGVQAS,True,TESTED_ACTIVE,"3,4-dihyroxy cinnamic acid",O=C(O)C=CC1=CC=C(O)C(O)=C1,Phenylpropanoids,0,CAFFEIC ACID,Phenylpropanoids (C6-C3),TESTED_INACTIVE,screened_no_qualifying_product_at_threshold,connectivity_exact__stereochemistry_unresolved,independent_study_cross_source_common_enzyme_acceptor,False,True,connectivity_match_stereo_unresolved,,comparable_tested,y18_only,Phenylpropanoids,HCA,Caffeic acid,0.9
UGT72E3,QANMHLXAZMSUEX,False,TESTED_INACTIVE,Kinetin,C1(CNC2=NC=NC3=C2NC=N3)=CC=CO1,Pseudoalkaloids,0,KINETIN,Pseudoalkaloids,TESTED_INACTIVE,screened_no_qualifying_product_at_threshold,connectivity_exact__stereochemistry_unresolved,independent_study_cross_source_common_enzyme_acceptor,True,True,connectivity_match_stereo_unresolved,,comparable_tested,double_not_detected,Pseudoalkaloids,other,Kinetin,0.9
UGT72E3,REFJWTPEDVJJIY,False,TESTED_INACTIVE,Quercetin,OC1=C(C2=CC=C(O)C(O)=C2)OC3=C(C(O)=CC(O)=C3)C1=O,Flavonoids,0,QUERCETIN,Flavonoids,TESTED_INACTIVE,screened_no_qualifying_product_at_threshold,connectivity_exact__stereochemistry_unresolved,independent_study_cross_source_common_enzyme_acceptor,True,True,connectivity_match_stereo_unresolved,,comparable_tested,double_not_detected,Flavonoids,other,Quercetin,0.9
UGT72E3,RODXRVNMMDRFIK,True,TESTED_ACTIVE,7-hydroxy 6-methoxy coumarin (Scopoletin),O=C1OC2=C(C=C(C(O)=C2)OC)C=C1,Coumarins,0,SCOPOLETIN,Coumarins,TESTED_INACTIVE,screened_no_qualifying_product_at_threshold,connectivity_exact__stereochemistry_unresolved,independent_study_cross_source_common_enzyme_acceptor,False,True,connectivity_match_stereo_unresolved,,comparable_tested,y18_only,Coumarins,Coumarins,Scopoletin,0.9
UGT72E3,TZBJGXHYKVUXJN,False,TESTED_INACTIVE,Genistein,O=C1C(C2=CC=C(O)C=C2)=COC3=C1C(O)=CC(O)=C3,Isoflavonoids,0,GENISTEIN,Isoflavonoids,TESTED_INACTIVE,screened_no_qualifying_product_at_threshold,connectivity_exact__stereochemistry_unresolved,independent_study_cross_source_common_enzyme_acceptor,True,True,connectivity_match_stereo_unresolved,,comparable_tested,double_not_detected,Isoflavonoids,other,Genistein,0.9
UGT72E3,XHEFDIBZLJXQHF,False,TESTED_INACTIVE,Fisetin,OC1=CC(OC(C2=CC(O)=C(O)C=C2)=C(O)C3=O)=C3C=C1,Flavonoids,0,FISETIN,Flavonoids,TESTED_INACTIVE,screened_no_qualifying_product_at_threshold,connectivity_exact__stereochemistry_unresolved,independent_study_cross_source_common_enzyme_acceptor,True,True,connectivity_match_stereo_unresolved,,comparable_tested,double_not_detected,Flavonoids,other,Fisetin,0.9
UGT73B1,FXNFHKRTJBSTCS,True,TESTED_ACTIVE,Baicalein,O=C1C=C(C2=CC=CC=C2)OC3=C1C(O)=C(C(O)=C3)O,Flavonoids,1,BAICALEIN,Flavonoids,TESTED_ACTIVE,qualifying_glycosylation_product_detected,connectivity_exact__stereochemistry_unresolved,independent_study_cross_source_common_enzyme_acceptor,True,True,connectivity_match_stereo_unresolved,,comparable_tested,double_positive,Flavonoids,other,Baicalein,0.9
UGT73B1,ILEDWLMCKZNDJK,True,TESTED_ACTIVE,"6,7-dihydroxy coumarin (Esculetin)",O=C1C=CC2=C(O1)C=C(O)C(O)=C2,Coumarins,1,ESCULETIN,Coumarins,TESTED_ACTIVE,qualifying_glycosylation_product_detected,connectivity_exact__stereochemistry_unresolved,independent_study_cross_source_common_enzyme_acceptor,True,True,connectivity_match_stereo_unresolved,,comparable_tested,double_positive,Coumarins,Coumarins,Esculetin,0.9
UGT73B1,IXORZMNAPKEEDV,False,TESTED_INACTIVE,Gibberellin A3,C[C@@]12[C@@H](O)C=C[C@]3(OC2=O)[C@]1([H])[C@H](C(O)=O)[C@]4(CC5=C)[C@@]3([H])CC[C@]5(O)C4,Diterpenoids,0,GIBBERELLIC ACID,Diterpenoids,TESTED_INACTIVE,screened_no_qualifying_product_at_threshold,connectivity_exact__stereochemistry_unresolved,independent_study_cross_source_common_enzyme_acceptor,True,True,connectivity_match_stereo_unresolved,,comparable_tested,double_not_detected,Diterpenoids,other,Gibberellin A3,0.9
UGT73B1,IYRMWMYZSQPJKC,True,TESTED_ACTIVE,Kaempferol,OC1=C(C2=CC=C(O)C=C2)OC3=C(C(O)=CC(O)=C3)C1=O,Flavonoids,1,KAEMPFEROL,Flavonoids,TESTED_ACTIVE,qualifying_glycosylation_product_detected,connectivity_exact__stereochemistry_unresolved,independent_study_cross_source_common_enzyme_acceptor,True,True,connectivity_match_stereo_unresolved,,comparable_tested,double_positive,Flavonoids,other,Kaempferol,0.9
UGT73B1,KSEBMYQBYZTDHS,False,TESTED_INACTIVE,4-hydroxy 3-methoxy cinnamic acid,O=C(O)C=CC1=CC=C(O)C(OC)=C1,Phenylpropanoids,0,FERULIC ACID,Phenylpropanoids (C6-C3),TESTED_INACTIVE,screened_no_qualifying_product_at_threshold,connectivity_exact__stereochemistry_unresolved,independent_study_cross_source_common_enzyme_acceptor,True,True,connectivity_match_stereo_unresolved,,comparable_tested,double_not_detected,Phenylpropanoids,HCA,Ferulic acid,0.9
UGT73B1,KZJWDPNRJALLNS,False,TESTED_INACTIVE,β-Sitosterol,CC[C@@H](C(C)C)CC[C@H]([C@H]1CC[C@@H]2[C@]1(C)CC[C@H]3[C@H]2CC=C4[C@]3(C)CC[C@H](O)C4)C,Steroids,0,BETA-SITOSTEROL,Steroids,TESTED_INACTIVE,screened_no_qualifying_product_at_threshold,connectivity_exact__stereochemistry_unresolved,independent_study_cross_source_common_enzyme_acceptor,True,True,connectivity_match_stereo_unresolved,,comparable_tested,double_not_detected,Steroids,other,β-Sitosterol,0.9
UGT73B1,ORHBXUUXSCNDEV,True,TESTED_ACTIVE,Umbelliferone,O=C1C=CC2=C(O1)C=C(O)C=C2,Coumarins,1,UMBELLIFERONE,Coumarins,TESTED_ACTIVE,qualifying_glycosylation_product_detected,connectivity_exact__stereochemistry_unresolved,independent_study_cross_source_common_enzyme_acceptor,True,True,connectivity_match_stereo_unresolved,,comparable_tested,double_positive,Coumarins,Coumarins,Umbelliferone,0.9
UGT73B1,PCMORTLOPMLEFB,True,TESTED_ACTIVE,Sinapic acid,COC1=CC(C=CC(O)=O)=CC(OC)=C1O,Phenylpropanoids,0,SINAPIC ACID,Phenylpropanoids (C6-C3),TESTED_INACTIVE,screened_no_qualifying_product_at_threshold,connectivity_exact__stereochemistry_unresolved,independent_study_cross_source_common_enzyme_acceptor,False,True,connectivity_match_stereo_unresolved,,comparable_tested,y18_only,Phenylpropanoids,HCA,Sinapic acid,0.9
UGT73B1,PFTAWBLQPZVEMU,True,TESTED_ACTIVE,Catechin,OC1C(C2=CC=C(O)C(O)=C2)OC3=C(C(O)=CC(O)=C3)C1,Flavonoids,1,EPICATECHIN,Flavonoids,TESTED_ACTIVE,qualifying_glycosylation_product_detected,connectivity_exact__stereochemistry_unresolved,independent_study_cross_source_common_enzyme_acceptor,True,False,identity_conflict_connectivity_collapses_multiple_M25_stereoisomer_names,same_connectivity_multiple_M25_stereoisomer_names,not_comparable_not_tested_or_identity_conflict,double_positive,Flavonoids,other,Catechin,0.9
UGT73B1,PQEYTAGBXNEUQL,False,TESTED_INACTIVE,Dihydrojasmonic acid,O=C1CC[C@@H]([C@H]1CCCCC)CC(O)=O,Octadecanoids,0,DIHYDROJASMONIC ACID,Octadecanoids,TESTED_INACTIVE,screened_no_qualifying_product_at_threshold,connectivity_exact__stereochemistry_unresolved,independent_study_cross_source_common_enzyme_acceptor,True,True,connectivity_match_stereo_unresolved,,comparable_tested,double_not_detected,Octadecanoids,other,Dihydrojasmonic acid,0.9
UGT73B1,QAIPRVGONGVQAS,False,TESTED_INACTIVE,"3,4-dihyroxy cinnamic acid",O=C(O)C=CC1=CC=C(O)C(O)=C1,Phenylpropanoids,0,CAFFEIC ACID,Phenylpropanoids (C6-C3),TESTED_INACTIVE,screened_no_qualifying_product_at_threshold,connectivity_exact__stereochemistry_unresolved,independent_study_cross_source_common_enzyme_acceptor,True,True,connectivity_match_stereo_unresolved,,comparable_tested,double_not_detected,Phenylpropanoids,HCA,Caffeic acid,0.9
UGT73B1,QANMHLXAZMSUEX,False,TESTED_INACTIVE,Kinetin,C1(CNC2=NC=NC3=C2NC=N3)=CC=CO1,Pseudoalkaloids,0,KINETIN,Pseudoalkaloids,TESTED_INACTIVE,screened_no_qualifying_product_at_threshold,connectivity_exact__stereochemistry_unresolved,independent_study_cross_source_common_enzyme_acceptor,True,True,connectivity_match_stereo_unresolved,,comparable_tested,double_not_detected,Pseudoalkaloids,other,Kinetin,0.9
UGT73B1,REFJWTPEDVJJIY,True,TESTED_ACTIVE,Quercetin,OC1=C(C2=CC=C(O)C(O)=C2)OC3=C(C(O)=CC(O)=C3)C1=O,Flavonoids,1,QUERCETIN,Flavonoids,TESTED_ACTIVE,qualifying_glycosylation_product_detected,connectivity_exact__stereochemistry_unresolved,independent_study_cross_source_common_enzyme_acceptor,True,True,connectivity_match_stereo_unresolved,,comparable_tested,double_positive,Flavonoids,other,Quercetin,0.9
UGT73B1,RODXRVNMMDRFIK,True,TESTED_ACTIVE,7-hydroxy 6-methoxy coumarin (Scopoletin),O=C1OC2=C(C=C(C(O)=C2)OC)C=C1,Coumarins,1,SCOPOLETIN,Coumarins,TESTED_ACTIVE,qualifying_glycosylation_product_detected,connectivity_exact__stereochemistry_unresolved,independent_study_cross_source_common_enzyme_acceptor,True,True,connectivity_match_stereo_unresolved,,comparable_tested,double_positive,Coumarins,Coumarins,Scopoletin,0.9
UGT73B1,TZBJGXHYKVUXJN,False,TESTED_INACTIVE,Genistein,O=C1C(C2=CC=C(O)C=C2)=COC3=C1C(O)=CC(O)=C3,Isoflavonoids,1,GENISTEIN,Isoflavonoids,TESTED_ACTIVE,qualifying_glycosylation_product_detected,connectivity_exact__stereochemistry_unresolved,independent_study_cross_source_common_enzyme_acceptor,False,True,connectivity_match_stereo_unresolved,,comparable_tested,m25_only,Isoflavonoids,other,Genistein,0.9
UGT73B1,XHEFDIBZLJXQHF,True,TESTED_ACTIVE,Fisetin,OC1=CC(OC(C2=CC(O)=C(O)C=C2)=C(O)C3=O)=C3C=C1,Flavonoids,1,FISETIN,Flavonoids,TESTED_ACTIVE,qualifying_glycosylation_product_detected,connectivity_exact__stereochemistry_unresolved,independent_study_cross_source_common_enzyme_acceptor,True,True,connectivity_match_stereo_unresolved,,comparable_tested,double_positive,Flavonoids,other,Fisetin,0.9
UGT73B2,FXNFHKRTJBSTCS,True,TESTED_ACTIVE,Baicalein,O=C1C=C(C2=CC=CC=C2)OC3=C1C(O)=C(C(O)=C3)O,Flavonoids,0,BAICALEIN,Flavonoids,TESTED_INACTIVE,screened_no_qualifying_product_at_threshold,connectivity_exact__stereochemistry_unresolved,independent_study_cross_source_common_enzyme_acceptor,False,True,connectivity_match_stereo_unresolved,,comparable_tested,y18_only,Flavonoids,other,Baicalein,0.9
UGT73B2,ILEDWLMCKZNDJK,True,TESTED_ACTIVE,"6,7-dihydroxy coumarin (Esculetin)",O=C1C=CC2=C(O1)C=C(O)C(O)=C2,Coumarins,1,ESCULETIN,Coumarins,TESTED_ACTIVE,qualifying_glycosylation_product_detected,connectivity_exact__stereochemistry_unresolved,independent_study_cross_source_common_enzyme_acceptor,True,True,connectivity_match_stereo_unresolved,,comparable_tested,double_positive,Coumarins,Coumarins,Esculetin,0.9
UGT73B2,IXORZMNAPKEEDV,False,TESTED_INACTIVE,Gibberellin A3,C[C@@]12[C@@H](O)C=C[C@]3(OC2=O)[C@]1([H])[C@H](C(O)=O)[C@]4(CC5=C)[C@@]3([H])CC[C@]5(O)C4,Diterpenoids,0,GIBBERELLIC ACID,Diterpenoids,TESTED_INACTIVE,screened_no_qualifying_product_at_threshold,connectivity_exact__stereochemistry_unresolved,independent_study_cross_source_common_enzyme_acceptor,True,True,connectivity_match_stereo_unresolved,,comparable_tested,double_not_detected,Diterpenoids,other,Gibberellin A3,0.9
UGT73B2,IYRMWMYZSQPJKC,True,TESTED_ACTIVE,Kaempferol,OC1=C(C2=CC=C(O)C=C2)OC3=C(C(O)=CC(O)=C3)C1=O,Flavonoids,1,KAEMPFEROL,Flavonoids,TESTED_ACTIVE,qualifying_glycosylation_product_detected,connectivity_exact__stereochemistry_unresolved,independent_study_cross_source_common_enzyme_acceptor,True,True,connectivity_match_stereo_unresolved,,comparable_tested,double_positive,Flavonoids,other,Kaempferol,0.9
UGT73B2,KSEBMYQBYZTDHS,False,TESTED_INACTIVE,4-hydroxy 3-methoxy cinnamic acid,O=C(O)C=CC1=CC=C(O)C(OC)=C1,Phenylpropanoids,0,FERULIC ACID,Phenylpropanoids (C6-C3),TESTED_INACTIVE,screened_no_qualifying_product_at_threshold,connectivity_exact__stereochemistry_unresolved,independent_study_cross_source_common_enzyme_acceptor,True,True,connectivity_match_stereo_unresolved,,comparable_tested,double_not_detected,Phenylpropanoids,HCA,Ferulic acid,0.9
UGT73B2,KZJWDPNRJALLNS,False,TESTED_INACTIVE,β-Sitosterol,CC[C@@H](C(C)C)CC[C@H]([C@H]1CC[C@@H]2[C@]1(C)CC[C@H]3[C@H]2CC=C4[C@]3(C)CC[C@H](O)C4)C,Steroids,0,BETA-SITOSTEROL,Steroids,TESTED_INACTIVE,screened_no_qualifying_product_at_threshold,connectivity_exact__stereochemistry_unresolved,independent_study_cross_source_common_enzyme_acceptor,True,True,connectivity_match_stereo_unresolved,,comparable_tested,double_not_detected,Steroids,other,β-Sitosterol,0.9
UGT73B2,ORHBXUUXSCNDEV,False,TESTED_INACTIVE,Umbelliferone,O=C1C=CC2=C(O1)C=C(O)C=C2,Coumarins,1,UMBELLIFERONE,Coumarins,TESTED_ACTIVE,qualifying_glycosylation_product_detected,connectivity_exact__stereochemistry_unresolved,independent_study_cross_source_common_enzyme_acceptor,False,True,connectivity_match_stereo_unresolved,,comparable_tested,m25_only,Coumarins,Coumarins,Umbelliferone,0.9
UGT73B2,PCMORTLOPMLEFB,False,TESTED_INACTIVE,Sinapic acid,COC1=CC(C=CC(O)=O)=CC(OC)=C1O,Phenylpropanoids,0,SINAPIC ACID,Phenylpropanoids (C6-C3),TESTED_INACTIVE,screened_no_qualifying_product_at_threshold,connectivity_exact__stereochemistry_unresolved,independent_study_cross_source_common_enzyme_acceptor,True,True,connectivity_match_stereo_unresolved,,comparable_tested,double_not_detected,Phenylpropanoids,HCA,Sinapic acid,0.9
UGT73B2,PFTAWBLQPZVEMU,False,TESTED_INACTIVE,Catechin,OC1C(C2=CC=C(O)C(O)=C2)OC3=C(C(O)=CC(O)=C3)C1,Flavonoids,1,EPICATECHIN,Flavonoids,TESTED_ACTIVE,qualifying_glycosylation_product_detected,connectivity_exact__stereochemistry_unresolved,independent_study_cross_source_common_enzyme_acceptor,False,False,identity_conflict_connectivity_collapses_multiple_M25_stereoisomer_names,same_connectivity_multiple_M25_stereoisomer_names,not_comparable_not_tested_or_identity_conflict,m25_only,Flavonoids,other,Catechin,0.9
UGT73B2,PQEYTAGBXNEUQL,False,TESTED_INACTIVE,Dihydrojasmonic acid,O=C1CC[C@@H]([C@H]1CCCCC)CC(O)=O,Octadecanoids,0,DIHYDROJASMONIC ACID,Octadecanoids,TESTED_INACTIVE,screened_no_qualifying_product_at_threshold,connectivity_exact__stereochemistry_unresolved,independent_study_cross_source_common_enzyme_acceptor,True,True,connectivity_match_stereo_unresolved,,comparable_tested,double_not_detected,Octadecanoids,other,Dihydrojasmonic acid,0.9
UGT73B2,QAIPRVGONGVQAS,False,TESTED_INACTIVE,"3,4-dihyroxy cinnamic acid",O=C(O)C=CC1=CC=C(O)C(O)=C1,Phenylpropanoids,0,CAFFEIC ACID,Phenylpropanoids (C6-C3),TESTED_INACTIVE,screened_no_qualifying_product_at_threshold,connectivity_exact__stereochemistry_unresolved,independent_study_cross_source_common_enzyme_acceptor,True,True,connectivity_match_stereo_unresolved,,comparable_tested,double_not_detected,Phenylpropanoids,HCA,Caffeic acid,0.9
UGT73B2,QANMHLXAZMSUEX,False,TESTED_INACTIVE,Kinetin,C1(CNC2=NC=NC3=C2NC=N3)=CC=CO1,Pseudoalkaloids,0,KINETIN,Pseudoalkaloids,TESTED_INACTIVE,screened_no_qualifying_product_at_threshold,connectivity_exact__stereochemistry_unresolved,independent_study_cross_source_common_enzyme_acceptor,True,True,connectivity_match_stereo_unresolved,,comparable_tested,double_not_detected,Pseudoalkaloids,other,Kinetin,0.9
UGT73B2,REFJWTPEDVJJIY,True,TESTED_ACTIVE,Quercetin,OC1=C(C2=CC=C(O)C(O)=C2)OC3=C(C(O)=CC(O)=C3)C1=O,Flavonoids,1,QUERCETIN,Flavonoids,TESTED_ACTIVE,qualifying_glycosylation_product_detected,connectivity_exact__stereochemistry_unresolved,independent_study_cross_source_common_enzyme_acceptor,True,True,connectivity_match_stereo_unresolved,,comparable_tested,double_positive,Flavonoids,other,Quercetin,0.9
UGT73B2,RODXRVNMMDRFIK,False,NOT_TESTED,7-hydroxy 6-methoxy coumarin (Scopoletin),O=C1OC2=C(C=C(C(O)=C2)OC)C=C1,Coumarins,1,SCOPOLETIN,Coumarins,TESTED_ACTIVE,qualifying_glycosylation_product_detected,connectivity_exact__stereochemistry_unresolved,independent_study_cross_source_common_enzyme_acceptor,False,True,connectivity_match_stereo_unresolved,,not_comparable_not_tested_or_identity_conflict,not_comparable,Coumarins,Coumarins,Scopoletin,0.9
UGT73B2,TZBJGXHYKVUXJN,True,TESTED_ACTIVE,Genistein,O=C1C(C2=CC=C(O)C=C2)=COC3=C1C(O)=CC(O)=C3,Isoflavonoids,1,GENISTEIN,Isoflavonoids,TESTED_ACTIVE,qualifying_glycosylation_product_detected,connectivity_exact__stereochemistry_unresolved,independent_study_cross_source_common_enzyme_acceptor,True,True,connectivity_match_stereo_unresolved,,comparable_tested,double_positive,Isoflavonoids,other,Genistein,0.9
UGT73B2,XHEFDIBZLJXQHF,True,TESTED_ACTIVE,Fisetin,OC1=CC(OC(C2=CC(O)=C(O)C=C2)=C(O)C3=O)=C3C=C1,Flavonoids,1,FISETIN,Flavonoids,TESTED_ACTIVE,qualifying_glycosylation_product_detected,connectivity_exact__stereochemistry_unresolved,independent_study_cross_source_common_enzyme_acceptor,True,True,connectivity_match_stereo_unresolved,,comparable_tested,double_positive,Flavonoids,other,Fisetin,0.9
UGT73B3,FXNFHKRTJBSTCS,True,TESTED_ACTIVE,Baicalein,O=C1C=C(C2=CC=CC=C2)OC3=C1C(O)=C(C(O)=C3)O,Flavonoids,1,BAICALEIN,Flavonoids,TESTED_ACTIVE,qualifying_glycosylation_product_detected,connectivity_exact__stereochemistry_unresolved,independent_study_cross_source_common_enzyme_acceptor,True,True,connectivity_match_stereo_unresolved,,comparable_tested,double_positive,Flavonoids,other,Baicalein,0.9
UGT73B3,ILEDWLMCKZNDJK,True,TESTED_ACTIVE,"6,7-dihydroxy coumarin (Esculetin)",O=C1C=CC2=C(O1)C=C(O)C(O)=C2,Coumarins,1,ESCULETIN,Coumarins,TESTED_ACTIVE,qualifying_glycosylation_product_detected,connectivity_exact__stereochemistry_unresolved,independent_study_cross_source_common_enzyme_acceptor,True,True,connectivity_match_stereo_unresolved,,comparable_tested,double_positive,Coumarins,Coumarins,Esculetin,0.9
UGT73B3,IXORZMNAPKEEDV,False,TESTED_INACTIVE,Gibberellin A3,C[C@@]12[C@@H](O)C=C[C@]3(OC2=O)[C@]1([H])[C@H](C(O)=O)[C@]4(CC5=C)[C@@]3([H])CC[C@]5(O)C4,Diterpenoids,0,GIBBERELLIC ACID,Diterpenoids,TESTED_INACTIVE,screened_no_qualifying_product_at_threshold,connectivity_exact__stereochemistry_unresolved,independent_study_cross_source_common_enzyme_acceptor,True,True,connectivity_match_stereo_unresolved,,comparable_tested,double_not_detected,Diterpenoids,other,Gibberellin A3,0.9
UGT73B3,IYRMWMYZSQPJKC,True,TESTED_ACTIVE,Kaempferol,OC1=C(C2=CC=C(O)C=C2)OC3=C(C(O)=CC(O)=C3)C1=O,Flavonoids,1,KAEMPFEROL,Flavonoids,TESTED_ACTIVE,qualifying_glycosylation_product_detected,connectivity_exact__stereochemistry_unresolved,independent_study_cross_source_common_enzyme_acceptor,True,True,connectivity_match_stereo_unresolved,,comparable_tested,double_positive,Flavonoids,other,Kaempferol,0.9
UGT73B3,KSEBMYQBYZTDHS,True,TESTED_ACTIVE,4-hydroxy 3-methoxy cinnamic acid,O=C(O)C=CC1=CC=C(O)C(OC)=C1,Phenylpropanoids,0,FERULIC ACID,Phenylpropanoids (C6-C3),TESTED_INACTIVE,screened_no_qualifying_product_at_threshold,connectivity_exact__stereochemistry_unresolved,independent_study_cross_source_common_enzyme_acceptor,False,True,connectivity_match_stereo_unresolved,,comparable_tested,y18_only,Phenylpropanoids,HCA,Ferulic acid,0.9
UGT73B3,KZJWDPNRJALLNS,False,TESTED_INACTIVE,β-Sitosterol,CC[C@@H](C(C)C)CC[C@H]([C@H]1CC[C@@H]2[C@]1(C)CC[C@H]3[C@H]2CC=C4[C@]3(C)CC[C@H](O)C4)C,Steroids,0,BETA-SITOSTEROL,Steroids,TESTED_INACTIVE,screened_no_qualifying_product_at_threshold,connectivity_exact__stereochemistry_unresolved,independent_study_cross_source_common_enzyme_acceptor,True,True,connectivity_match_stereo_unresolved,,comparable_tested,double_not_detected,Steroids,other,β-Sitosterol,0.9
UGT73B3,ORHBXUUXSCNDEV,False,TESTED_INACTIVE,Umbelliferone,O=C1C=CC2=C(O1)C=C(O)C=C2,Coumarins,1,UMBELLIFERONE,Coumarins,TESTED_ACTIVE,qualifying_glycosylation_product_detected,connectivity_exact__stereochemistry_unresolved,independent_study_cross_source_common_enzyme_acceptor,False,True,connectivity_match_stereo_unresolved,,comparable_tested,m25_only,Coumarins,Coumarins,Umbelliferone,0.9
UGT73B3,PCMORTLOPMLEFB,True,TESTED_ACTIVE,Sinapic acid,COC1=CC(C=CC(O)=O)=CC(OC)=C1O,Phenylpropanoids,0,SINAPIC ACID,Phenylpropanoids (C6-C3),TESTED_INACTIVE,screened_no_qualifying_product_at_threshold,connectivity_exact__stereochemistry_unresolved,independent_study_cross_source_common_enzyme_acceptor,False,True,connectivity_match_stereo_unresolved,,comparable_tested,y18_only,Phenylpropanoids,HCA,Sinapic acid,0.9
UGT73B3,PFTAWBLQPZVEMU,True,TESTED_ACTIVE,Catechin,OC1C(C2=CC=C(O)C(O)=C2)OC3=C(C(O)=CC(O)=C3)C1,Flavonoids,1,EPICATECHIN,Flavonoids,TESTED_ACTIVE,qualifying_glycosylation_product_detected,connectivity_exact__stereochemistry_unresolved,independent_study_cross_source_common_enzyme_acceptor,True,False,identity_conflict_connectivity_collapses_multiple_M25_stereoisomer_names,same_connectivity_multiple_M25_stereoisomer_names,not_comparable_not_tested_or_identity_conflict,double_positive,Flavonoids,other,Catechin,0.9
UGT73B3,PQEYTAGBXNEUQL,False,TESTED_INACTIVE,Dihydrojasmonic acid,O=C1CC[C@@H]([C@H]1CCCCC)CC(O)=O,Octadecanoids,0,DIHYDROJASMONIC ACID,Octadecanoids,TESTED_INACTIVE,screened_no_qualifying_product_at_threshold,connectivity_exact__stereochemistry_unresolved,independent_study_cross_source_common_enzyme_acceptor,True,True,connectivity_match_stereo_unresolved,,comparable_tested,double_not_detected,Octadecanoids,other,Dihydrojasmonic acid,0.9
UGT73B3,QAIPRVGONGVQAS,True,TESTED_ACTIVE,"3,4-dihyroxy cinnamic acid",O=C(O)C=CC1=CC=C(O)C(O)=C1,Phenylpropanoids,0,CAFFEIC ACID,Phenylpropanoids (C6-C3),TESTED_INACTIVE,screened_no_qualifying_product_at_threshold,connectivity_exact__stereochemistry_unresolved,independent_study_cross_source_common_enzyme_acceptor,False,True,connectivity_match_stereo_unresolved,,comparable_tested,y18_only,Phenylpropanoids,HCA,Caffeic acid,0.9
UGT73B3,QANMHLXAZMSUEX,False,TESTED_INACTIVE,Kinetin,C1(CNC2=NC=NC3=C2NC=N3)=CC=CO1,Pseudoalkaloids,0,KINETIN,Pseudoalkaloids,TESTED_INACTIVE,screened_no_qualifying_product_at_threshold,connectivity_exact__stereochemistry_unresolved,independent_study_cross_source_common_enzyme_acceptor,True,True,connectivity_match_stereo_unresolved,,comparable_tested,double_not_detected,Pseudoalkaloids,other,Kinetin,0.9
UGT73B3,REFJWTPEDVJJIY,True,TESTED_ACTIVE,Quercetin,OC1=C(C2=CC=C(O)C(O)=C2)OC3=C(C(O)=CC(O)=C3)C1=O,Flavonoids,1,QUERCETIN,Flavonoids,TESTED_ACTIVE,qualifying_glycosylation_product_detected,connectivity_exact__stereochemistry_unresolved,independent_study_cross_source_common_enzyme_acceptor,True,True,connectivity_match_stereo_unresolved,,comparable_tested,double_positive,Flavonoids,other,Quercetin,0.9
UGT73B3,RODXRVNMMDRFIK,True,TESTED_ACTIVE,7-hydroxy 6-methoxy coumarin (Scopoletin),O=C1OC2=C(C=C(C(O)=C2)OC)C=C1,Coumarins,1,SCOPOLETIN,Coumarins,TESTED_ACTIVE,qualifying_glycosylation_product_detected,connectivity_exact__stereochemistry_unresolved,independent_study_cross_source_common_enzyme_acceptor,True,True,connectivity_match_stereo_unresolved,,comparable_tested,double_positive,Coumarins,Coumarins,Scopoletin,0.9
UGT73B3,TZBJGXHYKVUXJN,False,TESTED_INACTIVE,Genistein,O=C1C(C2=CC=C(O)C=C2)=COC3=C1C(O)=CC(O)=C3,Isoflavonoids,1,GENISTEIN,Isoflavonoids,TESTED_ACTIVE,qualifying_glycosylation_product_detected,connectivity_exact__stereochemistry_unresolved,independent_study_cross_source_common_enzyme_acceptor,False,True,connectivity_match_stereo_unresolved,,comparable_tested,m25_only,Isoflavonoids,other,Genistein,0.9
UGT73B3,XHEFDIBZLJXQHF,True,TESTED_ACTIVE,Fisetin,OC1=CC(OC(C2=CC(O)=C(O)C=C2)=C(O)C3=O)=C3C=C1,Flavonoids,1,FISETIN,Flavonoids,TESTED_ACTIVE,qualifying_glycosylation_product_detected,connectivity_exact__stereochemistry_unresolved,independent_study_cross_source_common_enzyme_acceptor,True,True,connectivity_match_stereo_unresolved,,comparable_tested,double_positive,Flavonoids,other,Fisetin,0.9
UGT73B4,FXNFHKRTJBSTCS,True,TESTED_ACTIVE,Baicalein,O=C1C=C(C2=CC=CC=C2)OC3=C1C(O)=C(C(O)=C3)O,Flavonoids,1,BAICALEIN,Flavonoids,TESTED_ACTIVE,qualifying_glycosylation_product_detected,connectivity_exact__stereochemistry_unresolved,independent_study_cross_source_common_enzyme_acceptor,True,True,connectivity_match_stereo_unresolved,,comparable_tested,double_positive,Flavonoids,other,Baicalein,0.9
UGT73B4,ILEDWLMCKZNDJK,True,TESTED_ACTIVE,"6,7-dihydroxy coumarin (Esculetin)",O=C1C=CC2=C(O1)C=C(O)C(O)=C2,Coumarins,1,ESCULETIN,Coumarins,TESTED_ACTIVE,qualifying_glycosylation_product_detected,connectivity_exact__stereochemistry_unresolved,independent_study_cross_source_common_enzyme_acceptor,True,True,connectivity_match_stereo_unresolved,,comparable_tested,double_positive,Coumarins,Coumarins,Esculetin,0.9
UGT73B4,IXORZMNAPKEEDV,False,TESTED_INACTIVE,Gibberellin A3,C[C@@]12[C@@H](O)C=C[C@]3(OC2=O)[C@]1([H])[C@H](C(O)=O)[C@]4(CC5=C)[C@@]3([H])CC[C@]5(O)C4,Diterpenoids,0,GIBBERELLIC ACID,Diterpenoids,TESTED_INACTIVE,screened_no_qualifying_product_at_threshold,connectivity_exact__stereochemistry_unresolved,independent_study_cross_source_common_enzyme_acceptor,True,True,connectivity_match_stereo_unresolved,,comparable_tested,double_not_detected,Diterpenoids,other,Gibberellin A3,0.9
UGT73B4,IYRMWMYZSQPJKC,True,TESTED_ACTIVE,Kaempferol,OC1=C(C2=CC=C(O)C=C2)OC3=C(C(O)=CC(O)=C3)C1=O,Flavonoids,1,KAEMPFEROL,Flavonoids,TESTED_ACTIVE,qualifying_glycosylation_product_detected,connectivity_exact__stereochemistry_unresolved,independent_study_cross_source_common_enzyme_acceptor,True,True,connectivity_match_stereo_unresolved,,comparable_tested,double_positive,Flavonoids,other,Kaempferol,0.9
UGT73B4,KSEBMYQBYZTDHS,False,TESTED_INACTIVE,4-hydroxy 3-methoxy cinnamic acid,O=C(O)C=CC1=CC=C(O)C(OC)=C1,Phenylpropanoids,0,FERULIC ACID,Phenylpropanoids (C6-C3),TESTED_INACTIVE,screened_no_qualifying_product_at_threshold,connectivity_exact__stereochemistry_unresolved,independent_study_cross_source_common_enzyme_acceptor,True,True,connectivity_match_stereo_unresolved,,comparable_tested,double_not_detected,Phenylpropanoids,HCA,Ferulic acid,0.9
UGT73B4,KZJWDPNRJALLNS,False,TESTED_INACTIVE,β-Sitosterol,CC[C@@H](C(C)C)CC[C@H]([C@H]1CC[C@@H]2[C@]1(C)CC[C@H]3[C@H]2CC=C4[C@]3(C)CC[C@H](O)C4)C,Steroids,0,BETA-SITOSTEROL,Steroids,TESTED_INACTIVE,screened_no_qualifying_product_at_threshold,connectivity_exact__stereochemistry_unresolved,independent_study_cross_source_common_enzyme_acceptor,True,True,connectivity_match_stereo_unresolved,,comparable_tested,double_not_detected,Steroids,other,β-Sitosterol,0.9
UGT73B4,ORHBXUUXSCNDEV,False,TESTED_INACTIVE,Umbelliferone,O=C1C=CC2=C(O1)C=C(O)C=C2,Coumarins,1,UMBELLIFERONE,Coumarins,TESTED_ACTIVE,qualifying_glycosylation_product_detected,connectivity_exact__stereochemistry_unresolved,independent_study_cross_source_common_enzyme_acceptor,False,True,connectivity_match_stereo_unresolved,,comparable_tested,m25_only,Coumarins,Coumarins,Umbelliferone,0.9
UGT73B4,PCMORTLOPMLEFB,False,TESTED_INACTIVE,Sinapic acid,COC1=CC(C=CC(O)=O)=CC(OC)=C1O,Phenylpropanoids,0,SINAPIC ACID,Phenylpropanoids (C6-C3),TESTED_INACTIVE,screened_no_qualifying_product_at_threshold,connectivity_exact__stereochemistry_unresolved,independent_study_cross_source_common_enzyme_acceptor,True,True,connectivity_match_stereo_unresolved,,comparable_tested,double_not_detected,Phenylpropanoids,HCA,Sinapic acid,0.9
UGT73B4,PFTAWBLQPZVEMU,False,TESTED_INACTIVE,Catechin,OC1C(C2=CC=C(O)C(O)=C2)OC3=C(C(O)=CC(O)=C3)C1,Flavonoids,1,EPICATECHIN,Flavonoids,TESTED_ACTIVE,qualifying_glycosylation_product_detected,connectivity_exact__stereochemistry_unresolved,independent_study_cross_source_common_enzyme_acceptor,False,False,identity_conflict_connectivity_collapses_multiple_M25_stereoisomer_names,same_connectivity_multiple_M25_stereoisomer_names,not_comparable_not_tested_or_identity_conflict,m25_only,Flavonoids,other,Catechin,0.9
UGT73B4,PQEYTAGBXNEUQL,False,TESTED_INACTIVE,Dihydrojasmonic acid,O=C1CC[C@@H]([C@H]1CCCCC)CC(O)=O,Octadecanoids,0,DIHYDROJASMONIC ACID,Octadecanoids,TESTED_INACTIVE,screened_no_qualifying_product_at_threshold,connectivity_exact__stereochemistry_unresolved,independent_study_cross_source_common_enzyme_acceptor,True,True,connectivity_match_stereo_unresolved,,comparable_tested,double_not_detected,Octadecanoids,other,Dihydrojasmonic acid,0.9
UGT73B4,QAIPRVGONGVQAS,False,TESTED_INACTIVE,"3,4-dihyroxy cinnamic acid",O=C(O)C=CC1=CC=C(O)C(O)=C1,Phenylpropanoids,0,CAFFEIC ACID,Phenylpropanoids (C6-C3),TESTED_INACTIVE,screened_no_qualifying_product_at_threshold,connectivity_exact__stereochemistry_unresolved,independent_study_cross_source_common_enzyme_acceptor,True,True,connectivity_match_stereo_unresolved,,comparable_tested,double_not_detected,Phenylpropanoids,HCA,Caffeic acid,0.9
UGT73B4,QANMHLXAZMSUEX,False,TESTED_INACTIVE,Kinetin,C1(CNC2=NC=NC3=C2NC=N3)=CC=CO1,Pseudoalkaloids,0,KINETIN,Pseudoalkaloids,TESTED_INACTIVE,screened_no_qualifying_product_at_threshold,connectivity_exact__stereochemistry_unresolved,independent_study_cross_source_common_enzyme_acceptor,True,True,connectivity_match_stereo_unresolved,,comparable_tested,double_not_detected,Pseudoalkaloids,other,Kinetin,0.9
UGT73B4,REFJWTPEDVJJIY,True,TESTED_ACTIVE,Quercetin,OC1=C(C2=CC=C(O)C(O)=C2)OC3=C(C(O)=CC(O)=C3)C1=O,Flavonoids,0,QUERCETIN,Flavonoids,TESTED_INACTIVE,screened_no_qualifying_product_at_threshold,connectivity_exact__stereochemistry_unresolved,independent_study_cross_source_common_enzyme_acceptor,False,True,connectivity_match_stereo_unresolved,,comparable_tested,y18_only,Flavonoids,other,Quercetin,0.9
UGT73B4,RODXRVNMMDRFIK,True,TESTED_ACTIVE,7-hydroxy 6-methoxy coumarin (Scopoletin),O=C1OC2=C(C=C(C(O)=C2)OC)C=C1,Coumarins,1,SCOPOLETIN,Coumarins,TESTED_ACTIVE,qualifying_glycosylation_product_detected,connectivity_exact__stereochemistry_unresolved,independent_study_cross_source_common_enzyme_acceptor,True,True,connectivity_match_stereo_unresolved,,comparable_tested,double_positive,Coumarins,Coumarins,Scopoletin,0.9
UGT73B4,TZBJGXHYKVUXJN,True,TESTED_ACTIVE,Genistein,O=C1C(C2=CC=C(O)C=C2)=COC3=C1C(O)=CC(O)=C3,Isoflavonoids,1,GENISTEIN,Isoflavonoids,TESTED_ACTIVE,qualifying_glycosylation_product_detected,connectivity_exact__stereochemistry_unresolved,independent_study_cross_source_common_enzyme_acceptor,True,True,connectivity_match_stereo_unresolved,,comparable_tested,double_positive,Isoflavonoids,other,Genistein,0.9
UGT73B4,XHEFDIBZLJXQHF,True,TESTED_ACTIVE,Fisetin,OC1=CC(OC(C2=CC(O)=C(O)C=C2)=C(O)C3=O)=C3C=C1,Flavonoids,0,FISETIN,Flavonoids,TESTED_INACTIVE,screened_no_qualifying_product_at_threshold,connectivity_exact__stereochemistry_unresolved,independent_study_cross_source_common_enzyme_acceptor,False,True,connectivity_match_stereo_unresolved,,comparable_tested,y18_only,Flavonoids,other,Fisetin,0.9
UGT73B5,FXNFHKRTJBSTCS,True,TESTED_ACTIVE,Baicalein,O=C1C=C(C2=CC=CC=C2)OC3=C1C(O)=C(C(O)=C3)O,Flavonoids,0,BAICALEIN,Flavonoids,TESTED_INACTIVE,screened_no_qualifying_product_at_threshold,connectivity_exact__stereochemistry_unresolved,independent_study_cross_source_common_enzyme_acceptor,False,True,connectivity_match_stereo_unresolved,,comparable_tested,y18_only,Flavonoids,other,Baicalein,0.9
UGT73B5,ILEDWLMCKZNDJK,True,TESTED_ACTIVE,"6,7-dihydroxy coumarin (Esculetin)",O=C1C=CC2=C(O1)C=C(O)C(O)=C2,Coumarins,1,ESCULETIN,Coumarins,TESTED_ACTIVE,qualifying_glycosylation_product_detected,connectivity_exact__stereochemistry_unresolved,independent_study_cross_source_common_enzyme_acceptor,True,True,connectivity_match_stereo_unresolved,,comparable_tested,double_positive,Coumarins,Coumarins,Esculetin,0.9
UGT73B5,IXORZMNAPKEEDV,False,TESTED_INACTIVE,Gibberellin A3,C[C@@]12[C@@H](O)C=C[C@]3(OC2=O)[C@]1([H])[C@H](C(O)=O)[C@]4(CC5=C)[C@@]3([H])CC[C@]5(O)C4,Diterpenoids,0,GIBBERELLIC ACID,Diterpenoids,TESTED_INACTIVE,screened_no_qualifying_product_at_threshold,connectivity_exact__stereochemistry_unresolved,independent_study_cross_source_common_enzyme_acceptor,True,True,connectivity_match_stereo_unresolved,,comparable_tested,double_not_detected,Diterpenoids,other,Gibberellin A3,0.9
UGT73B5,IYRMWMYZSQPJKC,True,TESTED_ACTIVE,Kaempferol,OC1=C(C2=CC=C(O)C=C2)OC3=C(C(O)=CC(O)=C3)C1=O,Flavonoids,1,KAEMPFEROL,Flavonoids,TESTED_ACTIVE,qualifying_glycosylation_product_detected,connectivity_exact__stereochemistry_unresolved,independent_study_cross_source_common_enzyme_acceptor,True,True,connectivity_match_stereo_unresolved,,comparable_tested,double_positive,Flavonoids,other,Kaempferol,0.9
UGT73B5,KSEBMYQBYZTDHS,True,TESTED_ACTIVE,4-hydroxy 3-methoxy cinnamic acid,O=C(O)C=CC1=CC=C(O)C(OC)=C1,Phenylpropanoids,0,FERULIC ACID,Phenylpropanoids (C6-C3),TESTED_INACTIVE,screened_no_qualifying_product_at_threshold,connectivity_exact__stereochemistry_unresolved,independent_study_cross_source_common_enzyme_acceptor,False,True,connectivity_match_stereo_unresolved,,comparable_tested,y18_only,Phenylpropanoids,HCA,Ferulic acid,0.9
UGT73B5,KZJWDPNRJALLNS,False,TESTED_INACTIVE,β-Sitosterol,CC[C@@H](C(C)C)CC[C@H]([C@H]1CC[C@@H]2[C@]1(C)CC[C@H]3[C@H]2CC=C4[C@]3(C)CC[C@H](O)C4)C,Steroids,0,BETA-SITOSTEROL,Steroids,TESTED_INACTIVE,screened_no_qualifying_product_at_threshold,connectivity_exact__stereochemistry_unresolved,independent_study_cross_source_common_enzyme_acceptor,True,True,connectivity_match_stereo_unresolved,,comparable_tested,double_not_detected,Steroids,other,β-Sitosterol,0.9
UGT73B5,ORHBXUUXSCNDEV,False,TESTED_INACTIVE,Umbelliferone,O=C1C=CC2=C(O1)C=C(O)C=C2,Coumarins,1,UMBELLIFERONE,Coumarins,TESTED_ACTIVE,qualifying_glycosylation_product_detected,connectivity_exact__stereochemistry_unresolved,independent_study_cross_source_common_enzyme_acceptor,False,True,connectivity_match_stereo_unresolved,,comparable_tested,m25_only,Coumarins,Coumarins,Umbelliferone,0.9
UGT73B5,PCMORTLOPMLEFB,False,TESTED_INACTIVE,Sinapic acid,COC1=CC(C=CC(O)=O)=CC(OC)=C1O,Phenylpropanoids,0,SINAPIC ACID,Phenylpropanoids (C6-C3),TESTED_INACTIVE,screened_no_qualifying_product_at_threshold,connectivity_exact__stereochemistry_unresolved,independent_study_cross_source_common_enzyme_acceptor,True,True,connectivity_match_stereo_unresolved,,comparable_tested,double_not_detected,Phenylpropanoids,HCA,Sinapic acid,0.9
UGT73B5,PFTAWBLQPZVEMU,True,TESTED_ACTIVE,Catechin,OC1C(C2=CC=C(O)C(O)=C2)OC3=C(C(O)=CC(O)=C3)C1,Flavonoids,1,EPICATECHIN,Flavonoids,TESTED_ACTIVE,qualifying_glycosylation_product_detected,connectivity_exact__stereochemistry_unresolved,independent_study_cross_source_common_enzyme_acceptor,True,False,identity_conflict_connectivity_collapses_multiple_M25_stereoisomer_names,same_connectivity_multiple_M25_stereoisomer_names,not_comparable_not_tested_or_identity_conflict,double_positive,Flavonoids,other,Catechin,0.9
UGT73B5,PQEYTAGBXNEUQL,False,TESTED_INACTIVE,Dihydrojasmonic acid,O=C1CC[C@@H]([C@H]1CCCCC)CC(O)=O,Octadecanoids,0,DIHYDROJASMONIC ACID,Octadecanoids,TESTED_INACTIVE,screened_no_qualifying_product_at_threshold,connectivity_exact__stereochemistry_unresolved,independent_study_cross_source_common_enzyme_acceptor,True,True,connectivity_match_stereo_unresolved,,comparable_tested,double_not_detected,Octadecanoids,other,Dihydrojasmonic acid,0.9
UGT73B5,QAIPRVGONGVQAS,True,TESTED_ACTIVE,"3,4-dihyroxy cinnamic acid",O=C(O)C=CC1=CC=C(O)C(O)=C1,Phenylpropanoids,0,CAFFEIC ACID,Phenylpropanoids (C6-C3),TESTED_INACTIVE,screened_no_qualifying_product_at_threshold,connectivity_exact__stereochemistry_unresolved,independent_study_cross_source_common_enzyme_acceptor,False,True,connectivity_match_stereo_unresolved,,comparable_tested,y18_only,Phenylpropanoids,HCA,Caffeic acid,0.9
UGT73B5,QANMHLXAZMSUEX,False,TESTED_INACTIVE,Kinetin,C1(CNC2=NC=NC3=C2NC=N3)=CC=CO1,Pseudoalkaloids,0,KINETIN,Pseudoalkaloids,TESTED_INACTIVE,screened_no_qualifying_product_at_threshold,connectivity_exact__stereochemistry_unresolved,independent_study_cross_source_common_enzyme_acceptor,True,True,connectivity_match_stereo_unresolved,,comparable_tested,double_not_detected,Pseudoalkaloids,other,Kinetin,0.9
UGT73B5,REFJWTPEDVJJIY,True,TESTED_ACTIVE,Quercetin,OC1=C(C2=CC=C(O)C(O)=C2)OC3=C(C(O)=CC(O)=C3)C1=O,Flavonoids,1,QUERCETIN,Flavonoids,TESTED_ACTIVE,qualifying_glycosylation_product_detected,connectivity_exact__stereochemistry_unresolved,independent_study_cross_source_common_enzyme_acceptor,True,True,connectivity_match_stereo_unresolved,,comparable_tested,double_positive,Flavonoids,other,Quercetin,0.9
UGT73B5,RODXRVNMMDRFIK,True,TESTED_ACTIVE,7-hydroxy 6-methoxy coumarin (Scopoletin),O=C1OC2=C(C=C(C(O)=C2)OC)C=C1,Coumarins,1,SCOPOLETIN,Coumarins,TESTED_ACTIVE,qualifying_glycosylation_product_detected,connectivity_exact__stereochemistry_unresolved,independent_study_cross_source_common_enzyme_acceptor,True,True,connectivity_match_stereo_unresolved,,comparable_tested,double_positive,Coumarins,Coumarins,Scopoletin,0.9
UGT73B5,TZBJGXHYKVUXJN,True,TESTED_ACTIVE,Genistein,O=C1C(C2=CC=C(O)C=C2)=COC3=C1C(O)=CC(O)=C3,Isoflavonoids,1,GENISTEIN,Isoflavonoids,TESTED_ACTIVE,qualifying_glycosylation_product_detected,connectivity_exact__stereochemistry_unresolved,independent_study_cross_source_common_enzyme_acceptor,True,True,connectivity_match_stereo_unresolved,,comparable_tested,double_positive,Isoflavonoids,other,Genistein,0.9
UGT73B5,XHEFDIBZLJXQHF,True,TESTED_ACTIVE,Fisetin,OC1=CC(OC(C2=CC(O)=C(O)C=C2)=C(O)C3=O)=C3C=C1,Flavonoids,1,FISETIN,Flavonoids,TESTED_ACTIVE,qualifying_glycosylation_product_detected,connectivity_exact__stereochemistry_unresolved,independent_study_cross_source_common_enzyme_acceptor,True,True,connectivity_match_stereo_unresolved,,comparable_tested,double_positive,Flavonoids,other,Fisetin,0.9
UGT73C3,FXNFHKRTJBSTCS,True,TESTED_ACTIVE,Baicalein,O=C1C=C(C2=CC=CC=C2)OC3=C1C(O)=C(C(O)=C3)O,Flavonoids,0,BAICALEIN,Flavonoids,TESTED_INACTIVE,screened_no_qualifying_product_at_threshold,connectivity_exact__stereochemistry_unresolved,independent_study_cross_source_common_enzyme_acceptor,False,True,connectivity_match_stereo_unresolved,,comparable_tested,y18_only,Flavonoids,other,Baicalein,0.9
UGT73C3,ILEDWLMCKZNDJK,True,TESTED_ACTIVE,"6,7-dihydroxy coumarin (Esculetin)",O=C1C=CC2=C(O1)C=C(O)C(O)=C2,Coumarins,1,ESCULETIN,Coumarins,TESTED_ACTIVE,qualifying_glycosylation_product_detected,connectivity_exact__stereochemistry_unresolved,independent_study_cross_source_common_enzyme_acceptor,True,True,connectivity_match_stereo_unresolved,,comparable_tested,double_positive,Coumarins,Coumarins,Esculetin,0.9
UGT73C3,IXORZMNAPKEEDV,False,TESTED_INACTIVE,Gibberellin A3,C[C@@]12[C@@H](O)C=C[C@]3(OC2=O)[C@]1([H])[C@H](C(O)=O)[C@]4(CC5=C)[C@@]3([H])CC[C@]5(O)C4,Diterpenoids,0,GIBBERELLIC ACID,Diterpenoids,TESTED_INACTIVE,screened_no_qualifying_product_at_threshold,connectivity_exact__stereochemistry_unresolved,independent_study_cross_source_common_enzyme_acceptor,True,True,connectivity_match_stereo_unresolved,,comparable_tested,double_not_detected,Diterpenoids,other,Gibberellin A3,0.9
UGT73C3,IYRMWMYZSQPJKC,True,TESTED_ACTIVE,Kaempferol,OC1=C(C2=CC=C(O)C=C2)OC3=C(C(O)=CC(O)=C3)C1=O,Flavonoids,1,KAEMPFEROL,Flavonoids,TESTED_ACTIVE,qualifying_glycosylation_product_detected,connectivity_exact__stereochemistry_unresolved,independent_study_cross_source_common_enzyme_acceptor,True,True,connectivity_match_stereo_unresolved,,comparable_tested,double_positive,Flavonoids,other,Kaempferol,0.9
UGT73C3,KSEBMYQBYZTDHS,False,TESTED_INACTIVE,4-hydroxy 3-methoxy cinnamic acid,O=C(O)C=CC1=CC=C(O)C(OC)=C1,Phenylpropanoids,0,FERULIC ACID,Phenylpropanoids (C6-C3),TESTED_INACTIVE,screened_no_qualifying_product_at_threshold,connectivity_exact__stereochemistry_unresolved,independent_study_cross_source_common_enzyme_acceptor,True,True,connectivity_match_stereo_unresolved,,comparable_tested,double_not_detected,Phenylpropanoids,HCA,Ferulic acid,0.9
UGT73C3,KZJWDPNRJALLNS,False,TESTED_INACTIVE,β-Sitosterol,CC[C@@H](C(C)C)CC[C@H]([C@H]1CC[C@@H]2[C@]1(C)CC[C@H]3[C@H]2CC=C4[C@]3(C)CC[C@H](O)C4)C,Steroids,0,BETA-SITOSTEROL,Steroids,TESTED_INACTIVE,screened_no_qualifying_product_at_threshold,connectivity_exact__stereochemistry_unresolved,independent_study_cross_source_common_enzyme_acceptor,True,True,connectivity_match_stereo_unresolved,,comparable_tested,double_not_detected,Steroids,other,β-Sitosterol,0.9
UGT73C3,ORHBXUUXSCNDEV,False,TESTED_INACTIVE,Umbelliferone,O=C1C=CC2=C(O1)C=C(O)C=C2,Coumarins,1,UMBELLIFERONE,Coumarins,TESTED_ACTIVE,qualifying_glycosylation_product_detected,connectivity_exact__stereochemistry_unresolved,independent_study_cross_source_common_enzyme_acceptor,False,True,connectivity_match_stereo_unresolved,,comparable_tested,m25_only,Coumarins,Coumarins,Umbelliferone,0.9
UGT73C3,PCMORTLOPMLEFB,False,TESTED_INACTIVE,Sinapic acid,COC1=CC(C=CC(O)=O)=CC(OC)=C1O,Phenylpropanoids,0,SINAPIC ACID,Phenylpropanoids (C6-C3),TESTED_INACTIVE,screened_no_qualifying_product_at_threshold,connectivity_exact__stereochemistry_unresolved,independent_study_cross_source_common_enzyme_acceptor,True,True,connectivity_match_stereo_unresolved,,comparable_tested,double_not_detected,Phenylpropanoids,HCA,Sinapic acid,0.9
UGT73C3,PFTAWBLQPZVEMU,True,TESTED_ACTIVE,Catechin,OC1C(C2=CC=C(O)C(O)=C2)OC3=C(C(O)=CC(O)=C3)C1,Flavonoids,1,EPICATECHIN,Flavonoids,TESTED_ACTIVE,qualifying_glycosylation_product_detected,connectivity_exact__stereochemistry_unresolved,independent_study_cross_source_common_enzyme_acceptor,True,False,identity_conflict_connectivity_collapses_multiple_M25_stereoisomer_names,same_connectivity_multiple_M25_stereoisomer_names,not_comparable_not_tested_or_identity_conflict,double_positive,Flavonoids,other,Catechin,0.9
UGT73C3,PQEYTAGBXNEUQL,False,TESTED_INACTIVE,Dihydrojasmonic acid,O=C1CC[C@@H]([C@H]1CCCCC)CC(O)=O,Octadecanoids,0,DIHYDROJASMONIC ACID,Octadecanoids,TESTED_INACTIVE,screened_no_qualifying_product_at_threshold,connectivity_exact__stereochemistry_unresolved,independent_study_cross_source_common_enzyme_acceptor,True,True,connectivity_match_stereo_unresolved,,comparable_tested,double_not_detected,Octadecanoids,other,Dihydrojasmonic acid,0.9
UGT73C3,QAIPRVGONGVQAS,False,TESTED_INACTIVE,"3,4-dihyroxy cinnamic acid",O=C(O)C=CC1=CC=C(O)C(O)=C1,Phenylpropanoids,0,CAFFEIC ACID,Phenylpropanoids (C6-C3),TESTED_INACTIVE,screened_no_qualifying_product_at_threshold,connectivity_exact__stereochemistry_unresolved,independent_study_cross_source_common_enzyme_acceptor,True,True,connectivity_match_stereo_unresolved,,comparable_tested,double_not_detected,Phenylpropanoids,HCA,Caffeic acid,0.9
UGT73C3,QANMHLXAZMSUEX,False,TESTED_INACTIVE,Kinetin,C1(CNC2=NC=NC3=C2NC=N3)=CC=CO1,Pseudoalkaloids,0,KINETIN,Pseudoalkaloids,TESTED_INACTIVE,screened_no_qualifying_product_at_threshold,connectivity_exact__stereochemistry_unresolved,independent_study_cross_source_common_enzyme_acceptor,True,True,connectivity_match_stereo_unresolved,,comparable_tested,double_not_detected,Pseudoalkaloids,other,Kinetin,0.9
UGT73C3,REFJWTPEDVJJIY,True,TESTED_ACTIVE,Quercetin,OC1=C(C2=CC=C(O)C(O)=C2)OC3=C(C(O)=CC(O)=C3)C1=O,Flavonoids,1,QUERCETIN,Flavonoids,TESTED_ACTIVE,qualifying_glycosylation_product_detected,connectivity_exact__stereochemistry_unresolved,independent_study_cross_source_common_enzyme_acceptor,True,True,connectivity_match_stereo_unresolved,,comparable_tested,double_positive,Flavonoids,other,Quercetin,0.9
UGT73C3,RODXRVNMMDRFIK,True,TESTED_ACTIVE,7-hydroxy 6-methoxy coumarin (Scopoletin),O=C1OC2=C(C=C(C(O)=C2)OC)C=C1,Coumarins,1,SCOPOLETIN,Coumarins,TESTED_ACTIVE,qualifying_glycosylation_product_detected,connectivity_exact__stereochemistry_unresolved,independent_study_cross_source_common_enzyme_acceptor,True,True,connectivity_match_stereo_unresolved,,comparable_tested,double_positive,Coumarins,Coumarins,Scopoletin,0.9
UGT73C3,TZBJGXHYKVUXJN,True,TESTED_ACTIVE,Genistein,O=C1C(C2=CC=C(O)C=C2)=COC3=C1C(O)=CC(O)=C3,Isoflavonoids,1,GENISTEIN,Isoflavonoids,TESTED_ACTIVE,qualifying_glycosylation_product_detected,connectivity_exact__stereochemistry_unresolved,independent_study_cross_source_common_enzyme_acceptor,True,True,connectivity_match_stereo_unresolved,,comparable_tested,double_positive,Isoflavonoids,other,Genistein,0.9
UGT73C3,XHEFDIBZLJXQHF,True,TESTED_ACTIVE,Fisetin,OC1=CC(OC(C2=CC(O)=C(O)C=C2)=C(O)C3=O)=C3C=C1,Flavonoids,1,FISETIN,Flavonoids,TESTED_ACTIVE,qualifying_glycosylation_product_detected,connectivity_exact__stereochemistry_unresolved,independent_study_cross_source_common_enzyme_acceptor,True,True,connectivity_match_stereo_unresolved,,comparable_tested,double_positive,Flavonoids,other,Fisetin,0.9
UGT73C4,FXNFHKRTJBSTCS,False,TESTED_INACTIVE,Baicalein,O=C1C=C(C2=CC=CC=C2)OC3=C1C(O)=C(C(O)=C3)O,Flavonoids,0,BAICALEIN,Flavonoids,TESTED_INACTIVE,screened_no_qualifying_product_at_threshold,connectivity_exact__stereochemistry_unresolved,independent_study_cross_source_common_enzyme_acceptor,True,True,connectivity_match_stereo_unresolved,,comparable_tested,double_not_detected,Flavonoids,other,Baicalein,0.9
UGT73C4,ILEDWLMCKZNDJK,False,TESTED_INACTIVE,"6,7-dihydroxy coumarin (Esculetin)",O=C1C=CC2=C(O1)C=C(O)C(O)=C2,Coumarins,1,ESCULETIN,Coumarins,TESTED_ACTIVE,qualifying_glycosylation_product_detected,connectivity_exact__stereochemistry_unresolved,independent_study_cross_source_common_enzyme_acceptor,False,True,connectivity_match_stereo_unresolved,,comparable_tested,m25_only,Coumarins,Coumarins,Esculetin,0.9
UGT73C4,IXORZMNAPKEEDV,False,TESTED_INACTIVE,Gibberellin A3,C[C@@]12[C@@H](O)C=C[C@]3(OC2=O)[C@]1([H])[C@H](C(O)=O)[C@]4(CC5=C)[C@@]3([H])CC[C@]5(O)C4,Diterpenoids,0,GIBBERELLIC ACID,Diterpenoids,TESTED_INACTIVE,screened_no_qualifying_product_at_threshold,connectivity_exact__stereochemistry_unresolved,independent_study_cross_source_common_enzyme_acceptor,True,True,connectivity_match_stereo_unresolved,,comparable_tested,double_not_detected,Diterpenoids,other,Gibberellin A3,0.9
UGT73C4,IYRMWMYZSQPJKC,True,TESTED_ACTIVE,Kaempferol,OC1=C(C2=CC=C(O)C=C2)OC3=C(C(O)=CC(O)=C3)C1=O,Flavonoids,0,KAEMPFEROL,Flavonoids,TESTED_INACTIVE,screened_no_qualifying_product_at_threshold,connectivity_exact__stereochemistry_unresolved,independent_study_cross_source_common_enzyme_acceptor,False,True,connectivity_match_stereo_unresolved,,comparable_tested,y18_only,Flavonoids,other,Kaempferol,0.9
UGT73C4,KSEBMYQBYZTDHS,False,TESTED_INACTIVE,4-hydroxy 3-methoxy cinnamic acid,O=C(O)C=CC1=CC=C(O)C(OC)=C1,Phenylpropanoids,0,FERULIC ACID,Phenylpropanoids (C6-C3),TESTED_INACTIVE,screened_no_qualifying_product_at_threshold,connectivity_exact__stereochemistry_unresolved,independent_study_cross_source_common_enzyme_acceptor,True,True,connectivity_match_stereo_unresolved,,comparable_tested,double_not_detected,Phenylpropanoids,HCA,Ferulic acid,0.9
UGT73C4,KZJWDPNRJALLNS,False,TESTED_INACTIVE,β-Sitosterol,CC[C@@H](C(C)C)CC[C@H]([C@H]1CC[C@@H]2[C@]1(C)CC[C@H]3[C@H]2CC=C4[C@]3(C)CC[C@H](O)C4)C,Steroids,0,BETA-SITOSTEROL,Steroids,TESTED_INACTIVE,screened_no_qualifying_product_at_threshold,connectivity_exact__stereochemistry_unresolved,independent_study_cross_source_common_enzyme_acceptor,True,True,connectivity_match_stereo_unresolved,,comparable_tested,double_not_detected,Steroids,other,β-Sitosterol,0.9
UGT73C4,ORHBXUUXSCNDEV,False,TESTED_INACTIVE,Umbelliferone,O=C1C=CC2=C(O1)C=C(O)C=C2,Coumarins,1,UMBELLIFERONE,Coumarins,TESTED_ACTIVE,qualifying_glycosylation_product_detected,connectivity_exact__stereochemistry_unresolved,independent_study_cross_source_common_enzyme_acceptor,False,True,connectivity_match_stereo_unresolved,,comparable_tested,m25_only,Coumarins,Coumarins,Umbelliferone,0.9
UGT73C4,PCMORTLOPMLEFB,False,TESTED_INACTIVE,Sinapic acid,COC1=CC(C=CC(O)=O)=CC(OC)=C1O,Phenylpropanoids,0,SINAPIC ACID,Phenylpropanoids (C6-C3),TESTED_INACTIVE,screened_no_qualifying_product_at_threshold,connectivity_exact__stereochemistry_unresolved,independent_study_cross_source_common_enzyme_acceptor,True,True,connectivity_match_stereo_unresolved,,comparable_tested,double_not_detected,Phenylpropanoids,HCA,Sinapic acid,0.9
UGT73C4,PFTAWBLQPZVEMU,False,TESTED_INACTIVE,Catechin,OC1C(C2=CC=C(O)C(O)=C2)OC3=C(C(O)=CC(O)=C3)C1,Flavonoids,0,EPICATECHIN,Flavonoids,TESTED_INACTIVE,screened_no_qualifying_product_at_threshold,connectivity_exact__stereochemistry_unresolved,independent_study_cross_source_common_enzyme_acceptor,True,False,identity_conflict_connectivity_collapses_multiple_M25_stereoisomer_names,same_connectivity_multiple_M25_stereoisomer_names,not_comparable_not_tested_or_identity_conflict,double_not_detected,Flavonoids,other,Catechin,0.9
UGT73C4,PQEYTAGBXNEUQL,False,TESTED_INACTIVE,Dihydrojasmonic acid,O=C1CC[C@@H]([C@H]1CCCCC)CC(O)=O,Octadecanoids,0,DIHYDROJASMONIC ACID,Octadecanoids,TESTED_INACTIVE,screened_no_qualifying_product_at_threshold,connectivity_exact__stereochemistry_unresolved,independent_study_cross_source_common_enzyme_acceptor,True,True,connectivity_match_stereo_unresolved,,comparable_tested,double_not_detected,Octadecanoids,other,Dihydrojasmonic acid,0.9
UGT73C4,QAIPRVGONGVQAS,False,TESTED_INACTIVE,"3,4-dihyroxy cinnamic acid",O=C(O)C=CC1=CC=C(O)C(O)=C1,Phenylpropanoids,0,CAFFEIC ACID,Phenylpropanoids (C6-C3),TESTED_INACTIVE,screened_no_qualifying_product_at_threshold,connectivity_exact__stereochemistry_unresolved,independent_study_cross_source_common_enzyme_acceptor,True,True,connectivity_match_stereo_unresolved,,comparable_tested,double_not_detected,Phenylpropanoids,HCA,Caffeic acid,0.9
UGT73C4,QANMHLXAZMSUEX,False,TESTED_INACTIVE,Kinetin,C1(CNC2=NC=NC3=C2NC=N3)=CC=CO1,Pseudoalkaloids,0,KINETIN,Pseudoalkaloids,TESTED_INACTIVE,screened_no_qualifying_product_at_threshold,connectivity_exact__stereochemistry_unresolved,independent_study_cross_source_common_enzyme_acceptor,True,True,connectivity_match_stereo_unresolved,,comparable_tested,double_not_detected,Pseudoalkaloids,other,Kinetin,0.9
UGT73C4,REFJWTPEDVJJIY,True,TESTED_ACTIVE,Quercetin,OC1=C(C2=CC=C(O)C(O)=C2)OC3=C(C(O)=CC(O)=C3)C1=O,Flavonoids,0,QUERCETIN,Flavonoids,TESTED_INACTIVE,screened_no_qualifying_product_at_threshold,connectivity_exact__stereochemistry_unresolved,independent_study_cross_source_common_enzyme_acceptor,False,True,connectivity_match_stereo_unresolved,,comparable_tested,y18_only,Flavonoids,other,Quercetin,0.9
UGT73C4,RODXRVNMMDRFIK,False,TESTED_INACTIVE,7-hydroxy 6-methoxy coumarin (Scopoletin),O=C1OC2=C(C=C(C(O)=C2)OC)C=C1,Coumarins,1,SCOPOLETIN,Coumarins,TESTED_ACTIVE,qualifying_glycosylation_product_detected,connectivity_exact__stereochemistry_unresolved,independent_study_cross_source_common_enzyme_acceptor,False,True,connectivity_match_stereo_unresolved,,comparable_tested,m25_only,Coumarins,Coumarins,Scopoletin,0.9
UGT73C4,TZBJGXHYKVUXJN,False,TESTED_INACTIVE,Genistein,O=C1C(C2=CC=C(O)C=C2)=COC3=C1C(O)=CC(O)=C3,Isoflavonoids,1,GENISTEIN,Isoflavonoids,TESTED_ACTIVE,qualifying_glycosylation_product_detected,connectivity_exact__stereochemistry_unresolved,independent_study_cross_source_common_enzyme_acceptor,False,True,connectivity_match_stereo_unresolved,,comparable_tested,m25_only,Isoflavonoids,other,Genistein,0.9
UGT73C4,XHEFDIBZLJXQHF,True,TESTED_ACTIVE,Fisetin,OC1=CC(OC(C2=CC(O)=C(O)C=C2)=C(O)C3=O)=C3C=C1,Flavonoids,0,FISETIN,Flavonoids,TESTED_INACTIVE,screened_no_qualifying_product_at_threshold,connectivity_exact__stereochemistry_unresolved,independent_study_cross_source_common_enzyme_acceptor,False,True,connectivity_match_stereo_unresolved,,comparable_tested,y18_only,Flavonoids,other,Fisetin,0.9
UGT73C5,FXNFHKRTJBSTCS,True,TESTED_ACTIVE,Baicalein,O=C1C=C(C2=CC=CC=C2)OC3=C1C(O)=C(C(O)=C3)O,Flavonoids,0,BAICALEIN,Flavonoids,TESTED_INACTIVE,screened_no_qualifying_product_at_threshold,connectivity_exact__stereochemistry_unresolved,independent_study_cross_source_common_enzyme_acceptor,False,True,connectivity_match_stereo_unresolved,,comparable_tested,y18_only,Flavonoids,other,Baicalein,0.9
UGT73C5,ILEDWLMCKZNDJK,True,TESTED_ACTIVE,"6,7-dihydroxy coumarin (Esculetin)",O=C1C=CC2=C(O1)C=C(O)C(O)=C2,Coumarins,1,ESCULETIN,Coumarins,TESTED_ACTIVE,qualifying_glycosylation_product_detected,connectivity_exact__stereochemistry_unresolved,independent_study_cross_source_common_enzyme_acceptor,True,True,connectivity_match_stereo_unresolved,,comparable_tested,double_positive,Coumarins,Coumarins,Esculetin,0.9
UGT73C5,IXORZMNAPKEEDV,False,TESTED_INACTIVE,Gibberellin A3,C[C@@]12[C@@H](O)C=C[C@]3(OC2=O)[C@]1([H])[C@H](C(O)=O)[C@]4(CC5=C)[C@@]3([H])CC[C@]5(O)C4,Diterpenoids,0,GIBBERELLIC ACID,Diterpenoids,TESTED_INACTIVE,screened_no_qualifying_product_at_threshold,connectivity_exact__stereochemistry_unresolved,independent_study_cross_source_common_enzyme_acceptor,True,True,connectivity_match_stereo_unresolved,,comparable_tested,double_not_detected,Diterpenoids,other,Gibberellin A3,0.9
UGT73C5,IYRMWMYZSQPJKC,True,TESTED_ACTIVE,Kaempferol,OC1=C(C2=CC=C(O)C=C2)OC3=C(C(O)=CC(O)=C3)C1=O,Flavonoids,1,KAEMPFEROL,Flavonoids,TESTED_ACTIVE,qualifying_glycosylation_product_detected,connectivity_exact__stereochemistry_unresolved,independent_study_cross_source_common_enzyme_acceptor,True,True,connectivity_match_stereo_unresolved,,comparable_tested,double_positive,Flavonoids,other,Kaempferol,0.9
UGT73C5,KSEBMYQBYZTDHS,False,TESTED_INACTIVE,4-hydroxy 3-methoxy cinnamic acid,O=C(O)C=CC1=CC=C(O)C(OC)=C1,Phenylpropanoids,0,FERULIC ACID,Phenylpropanoids (C6-C3),TESTED_INACTIVE,screened_no_qualifying_product_at_threshold,connectivity_exact__stereochemistry_unresolved,independent_study_cross_source_common_enzyme_acceptor,True,True,connectivity_match_stereo_unresolved,,comparable_tested,double_not_detected,Phenylpropanoids,HCA,Ferulic acid,0.9
UGT73C5,KZJWDPNRJALLNS,False,TESTED_INACTIVE,β-Sitosterol,CC[C@@H](C(C)C)CC[C@H]([C@H]1CC[C@@H]2[C@]1(C)CC[C@H]3[C@H]2CC=C4[C@]3(C)CC[C@H](O)C4)C,Steroids,0,BETA-SITOSTEROL,Steroids,TESTED_INACTIVE,screened_no_qualifying_product_at_threshold,connectivity_exact__stereochemistry_unresolved,independent_study_cross_source_common_enzyme_acceptor,True,True,connectivity_match_stereo_unresolved,,comparable_tested,double_not_detected,Steroids,other,β-Sitosterol,0.9
UGT73C5,ORHBXUUXSCNDEV,True,TESTED_ACTIVE,Umbelliferone,O=C1C=CC2=C(O1)C=C(O)C=C2,Coumarins,1,UMBELLIFERONE,Coumarins,TESTED_ACTIVE,qualifying_glycosylation_product_detected,connectivity_exact__stereochemistry_unresolved,independent_study_cross_source_common_enzyme_acceptor,True,True,connectivity_match_stereo_unresolved,,comparable_tested,double_positive,Coumarins,Coumarins,Umbelliferone,0.9
UGT73C5,PCMORTLOPMLEFB,False,TESTED_INACTIVE,Sinapic acid,COC1=CC(C=CC(O)=O)=CC(OC)=C1O,Phenylpropanoids,0,SINAPIC ACID,Phenylpropanoids (C6-C3),TESTED_INACTIVE,screened_no_qualifying_product_at_threshold,connectivity_exact__stereochemistry_unresolved,independent_study_cross_source_common_enzyme_acceptor,True,True,connectivity_match_stereo_unresolved,,comparable_tested,double_not_detected,Phenylpropanoids,HCA,Sinapic acid,0.9
UGT73C5,PFTAWBLQPZVEMU,True,TESTED_ACTIVE,Catechin,OC1C(C2=CC=C(O)C(O)=C2)OC3=C(C(O)=CC(O)=C3)C1,Flavonoids,1,EPICATECHIN,Flavonoids,TESTED_ACTIVE,qualifying_glycosylation_product_detected,connectivity_exact__stereochemistry_unresolved,independent_study_cross_source_common_enzyme_acceptor,True,False,identity_conflict_connectivity_collapses_multiple_M25_stereoisomer_names,same_connectivity_multiple_M25_stereoisomer_names,not_comparable_not_tested_or_identity_conflict,double_positive,Flavonoids,other,Catechin,0.9
UGT73C5,PQEYTAGBXNEUQL,False,TESTED_INACTIVE,Dihydrojasmonic acid,O=C1CC[C@@H]([C@H]1CCCCC)CC(O)=O,Octadecanoids,0,DIHYDROJASMONIC ACID,Octadecanoids,TESTED_INACTIVE,screened_no_qualifying_product_at_threshold,connectivity_exact__stereochemistry_unresolved,independent_study_cross_source_common_enzyme_acceptor,True,True,connectivity_match_stereo_unresolved,,comparable_tested,double_not_detected,Octadecanoids,other,Dihydrojasmonic acid,0.9
UGT73C5,QAIPRVGONGVQAS,False,TESTED_INACTIVE,"3,4-dihyroxy cinnamic acid",O=C(O)C=CC1=CC=C(O)C(O)=C1,Phenylpropanoids,0,CAFFEIC ACID,Phenylpropanoids (C6-C3),TESTED_INACTIVE,screened_no_qualifying_product_at_threshold,connectivity_exact__stereochemistry_unresolved,independent_study_cross_source_common_enzyme_acceptor,True,True,connectivity_match_stereo_unresolved,,comparable_tested,double_not_detected,Phenylpropanoids,HCA,Caffeic acid,0.9
UGT73C5,QANMHLXAZMSUEX,False,TESTED_INACTIVE,Kinetin,C1(CNC2=NC=NC3=C2NC=N3)=CC=CO1,Pseudoalkaloids,0,KINETIN,Pseudoalkaloids,TESTED_INACTIVE,screened_no_qualifying_product_at_threshold,connectivity_exact__stereochemistry_unresolved,independent_study_cross_source_common_enzyme_acceptor,True,True,connectivity_match_stereo_unresolved,,comparable_tested,double_not_detected,Pseudoalkaloids,other,Kinetin,0.9
UGT73C5,REFJWTPEDVJJIY,True,TESTED_ACTIVE,Quercetin,OC1=C(C2=CC=C(O)C(O)=C2)OC3=C(C(O)=CC(O)=C3)C1=O,Flavonoids,1,QUERCETIN,Flavonoids,TESTED_ACTIVE,qualifying_glycosylation_product_detected,connectivity_exact__stereochemistry_unresolved,independent_study_cross_source_common_enzyme_acceptor,True,True,connectivity_match_stereo_unresolved,,comparable_tested,double_positive,Flavonoids,other,Quercetin,0.9
UGT73C5,RODXRVNMMDRFIK,True,TESTED_ACTIVE,7-hydroxy 6-methoxy coumarin (Scopoletin),O=C1OC2=C(C=C(C(O)=C2)OC)C=C1,Coumarins,1,SCOPOLETIN,Coumarins,TESTED_ACTIVE,qualifying_glycosylation_product_detected,connectivity_exact__stereochemistry_unresolved,independent_study_cross_source_common_enzyme_acceptor,True,True,connectivity_match_stereo_unresolved,,comparable_tested,double_positive,Coumarins,Coumarins,Scopoletin,0.9
UGT73C5,TZBJGXHYKVUXJN,True,TESTED_ACTIVE,Genistein,O=C1C(C2=CC=C(O)C=C2)=COC3=C1C(O)=CC(O)=C3,Isoflavonoids,1,GENISTEIN,Isoflavonoids,TESTED_ACTIVE,qualifying_glycosylation_product_detected,connectivity_exact__stereochemistry_unresolved,independent_study_cross_source_common_enzyme_acceptor,True,True,connectivity_match_stereo_unresolved,,comparable_tested,double_positive,Isoflavonoids,other,Genistein,0.9
UGT73C5,XHEFDIBZLJXQHF,True,TESTED_ACTIVE,Fisetin,OC1=CC(OC(C2=CC(O)=C(O)C=C2)=C(O)C3=O)=C3C=C1,Flavonoids,1,FISETIN,Flavonoids,TESTED_ACTIVE,qualifying_glycosylation_product_detected,connectivity_exact__stereochemistry_unresolved,independent_study_cross_source_common_enzyme_acceptor,True,True,connectivity_match_stereo_unresolved,,comparable_tested,double_positive,Flavonoids,other,Fisetin,0.9
UGT73C6,FXNFHKRTJBSTCS,True,TESTED_ACTIVE,Baicalein,O=C1C=C(C2=CC=CC=C2)OC3=C1C(O)=C(C(O)=C3)O,Flavonoids,0,BAICALEIN,Flavonoids,TESTED_INACTIVE,screened_no_qualifying_product_at_threshold,connectivity_exact__stereochemistry_unresolved,independent_study_cross_source_common_enzyme_acceptor,False,True,connectivity_match_stereo_unresolved,,comparable_tested,y18_only,Flavonoids,other,Baicalein,0.9
UGT73C6,ILEDWLMCKZNDJK,True,TESTED_ACTIVE,"6,7-dihydroxy coumarin (Esculetin)",O=C1C=CC2=C(O1)C=C(O)C(O)=C2,Coumarins,1,ESCULETIN,Coumarins,TESTED_ACTIVE,qualifying_glycosylation_product_detected,connectivity_exact__stereochemistry_unresolved,independent_study_cross_source_common_enzyme_acceptor,True,True,connectivity_match_stereo_unresolved,,comparable_tested,double_positive,Coumarins,Coumarins,Esculetin,0.9
UGT73C6,IXORZMNAPKEEDV,False,TESTED_INACTIVE,Gibberellin A3,C[C@@]12[C@@H](O)C=C[C@]3(OC2=O)[C@]1([H])[C@H](C(O)=O)[C@]4(CC5=C)[C@@]3([H])CC[C@]5(O)C4,Diterpenoids,0,GIBBERELLIC ACID,Diterpenoids,TESTED_INACTIVE,screened_no_qualifying_product_at_threshold,connectivity_exact__stereochemistry_unresolved,independent_study_cross_source_common_enzyme_acceptor,True,True,connectivity_match_stereo_unresolved,,comparable_tested,double_not_detected,Diterpenoids,other,Gibberellin A3,0.9
UGT73C6,IYRMWMYZSQPJKC,True,TESTED_ACTIVE,Kaempferol,OC1=C(C2=CC=C(O)C=C2)OC3=C(C(O)=CC(O)=C3)C1=O,Flavonoids,1,KAEMPFEROL,Flavonoids,TESTED_ACTIVE,qualifying_glycosylation_product_detected,connectivity_exact__stereochemistry_unresolved,independent_study_cross_source_common_enzyme_acceptor,True,True,connectivity_match_stereo_unresolved,,comparable_tested,double_positive,Flavonoids,other,Kaempferol,0.9
UGT73C6,KSEBMYQBYZTDHS,False,TESTED_INACTIVE,4-hydroxy 3-methoxy cinnamic acid,O=C(O)C=CC1=CC=C(O)C(OC)=C1,Phenylpropanoids,0,FERULIC ACID,Phenylpropanoids (C6-C3),TESTED_INACTIVE,screened_no_qualifying_product_at_threshold,connectivity_exact__stereochemistry_unresolved,independent_study_cross_source_common_enzyme_acceptor,True,True,connectivity_match_stereo_unresolved,,comparable_tested,double_not_detected,Phenylpropanoids,HCA,Ferulic acid,0.9
UGT73C6,KZJWDPNRJALLNS,False,TESTED_INACTIVE,β-Sitosterol,CC[C@@H](C(C)C)CC[C@H]([C@H]1CC[C@@H]2[C@]1(C)CC[C@H]3[C@H]2CC=C4[C@]3(C)CC[C@H](O)C4)C,Steroids,0,BETA-SITOSTEROL,Steroids,TESTED_INACTIVE,screened_no_qualifying_product_at_threshold,connectivity_exact__stereochemistry_unresolved,independent_study_cross_source_common_enzyme_acceptor,True,True,connectivity_match_stereo_unresolved,,comparable_tested,double_not_detected,Steroids,other,β-Sitosterol,0.9
UGT73C6,ORHBXUUXSCNDEV,True,TESTED_ACTIVE,Umbelliferone,O=C1C=CC2=C(O1)C=C(O)C=C2,Coumarins,1,UMBELLIFERONE,Coumarins,TESTED_ACTIVE,qualifying_glycosylation_product_detected,connectivity_exact__stereochemistry_unresolved,independent_study_cross_source_common_enzyme_acceptor,True,True,connectivity_match_stereo_unresolved,,comparable_tested,double_positive,Coumarins,Coumarins,Umbelliferone,0.9
UGT73C6,PCMORTLOPMLEFB,False,TESTED_INACTIVE,Sinapic acid,COC1=CC(C=CC(O)=O)=CC(OC)=C1O,Phenylpropanoids,0,SINAPIC ACID,Phenylpropanoids (C6-C3),TESTED_INACTIVE,screened_no_qualifying_product_at_threshold,connectivity_exact__stereochemistry_unresolved,independent_study_cross_source_common_enzyme_acceptor,True,True,connectivity_match_stereo_unresolved,,comparable_tested,double_not_detected,Phenylpropanoids,HCA,Sinapic acid,0.9
UGT73C6,PFTAWBLQPZVEMU,True,TESTED_ACTIVE,Catechin,OC1C(C2=CC=C(O)C(O)=C2)OC3=C(C(O)=CC(O)=C3)C1,Flavonoids,1,EPICATECHIN,Flavonoids,TESTED_ACTIVE,qualifying_glycosylation_product_detected,connectivity_exact__stereochemistry_unresolved,independent_study_cross_source_common_enzyme_acceptor,True,False,identity_conflict_connectivity_collapses_multiple_M25_stereoisomer_names,same_connectivity_multiple_M25_stereoisomer_names,not_comparable_not_tested_or_identity_conflict,double_positive,Flavonoids,other,Catechin,0.9
UGT73C6,PQEYTAGBXNEUQL,False,TESTED_INACTIVE,Dihydrojasmonic acid,O=C1CC[C@@H]([C@H]1CCCCC)CC(O)=O,Octadecanoids,0,DIHYDROJASMONIC ACID,Octadecanoids,TESTED_INACTIVE,screened_no_qualifying_product_at_threshold,connectivity_exact__stereochemistry_unresolved,independent_study_cross_source_common_enzyme_acceptor,True,True,connectivity_match_stereo_unresolved,,comparable_tested,double_not_detected,Octadecanoids,other,Dihydrojasmonic acid,0.9
UGT73C6,QAIPRVGONGVQAS,False,TESTED_INACTIVE,"3,4-dihyroxy cinnamic acid",O=C(O)C=CC1=CC=C(O)C(O)=C1,Phenylpropanoids,0,CAFFEIC ACID,Phenylpropanoids (C6-C3),TESTED_INACTIVE,screened_no_qualifying_product_at_threshold,connectivity_exact__stereochemistry_unresolved,independent_study_cross_source_common_enzyme_acceptor,True,True,connectivity_match_stereo_unresolved,,comparable_tested,double_not_detected,Phenylpropanoids,HCA,Caffeic acid,0.9
UGT73C6,QANMHLXAZMSUEX,False,TESTED_INACTIVE,Kinetin,C1(CNC2=NC=NC3=C2NC=N3)=CC=CO1,Pseudoalkaloids,0,KINETIN,Pseudoalkaloids,TESTED_INACTIVE,screened_no_qualifying_product_at_threshold,connectivity_exact__stereochemistry_unresolved,independent_study_cross_source_common_enzyme_acceptor,True,True,connectivity_match_stereo_unresolved,,comparable_tested,double_not_detected,Pseudoalkaloids,other,Kinetin,0.9
UGT73C6,REFJWTPEDVJJIY,True,TESTED_ACTIVE,Quercetin,OC1=C(C2=CC=C(O)C(O)=C2)OC3=C(C(O)=CC(O)=C3)C1=O,Flavonoids,1,QUERCETIN,Flavonoids,TESTED_ACTIVE,qualifying_glycosylation_product_detected,connectivity_exact__stereochemistry_unresolved,independent_study_cross_source_common_enzyme_acceptor,True,True,connectivity_match_stereo_unresolved,,comparable_tested,double_positive,Flavonoids,other,Quercetin,0.9
UGT73C6,RODXRVNMMDRFIK,True,TESTED_ACTIVE,7-hydroxy 6-methoxy coumarin (Scopoletin),O=C1OC2=C(C=C(C(O)=C2)OC)C=C1,Coumarins,1,SCOPOLETIN,Coumarins,TESTED_ACTIVE,qualifying_glycosylation_product_detected,connectivity_exact__stereochemistry_unresolved,independent_study_cross_source_common_enzyme_acceptor,True,True,connectivity_match_stereo_unresolved,,comparable_tested,double_positive,Coumarins,Coumarins,Scopoletin,0.9
UGT73C6,TZBJGXHYKVUXJN,True,TESTED_ACTIVE,Genistein,O=C1C(C2=CC=C(O)C=C2)=COC3=C1C(O)=CC(O)=C3,Isoflavonoids,1,GENISTEIN,Isoflavonoids,TESTED_ACTIVE,qualifying_glycosylation_product_detected,connectivity_exact__stereochemistry_unresolved,independent_study_cross_source_common_enzyme_acceptor,True,True,connectivity_match_stereo_unresolved,,comparable_tested,double_positive,Isoflavonoids,other,Genistein,0.9
UGT73C6,XHEFDIBZLJXQHF,True,TESTED_ACTIVE,Fisetin,OC1=CC(OC(C2=CC(O)=C(O)C=C2)=C(O)C3=O)=C3C=C1,Flavonoids,0,FISETIN,Flavonoids,TESTED_INACTIVE,screened_no_qualifying_product_at_threshold,connectivity_exact__stereochemistry_unresolved,independent_study_cross_source_common_enzyme_acceptor,False,True,connectivity_match_stereo_unresolved,,comparable_tested,y18_only,Flavonoids,other,Fisetin,0.9
UGT74B1,FXNFHKRTJBSTCS,False,TESTED_INACTIVE,Baicalein,O=C1C=C(C2=CC=CC=C2)OC3=C1C(O)=C(C(O)=C3)O,Flavonoids,0,BAICALEIN,Flavonoids,TESTED_INACTIVE,screened_no_qualifying_product_at_threshold,connectivity_exact__stereochemistry_unresolved,independent_study_cross_source_common_enzyme_acceptor,True,True,connectivity_match_stereo_unresolved,,comparable_tested,double_not_detected,Flavonoids,other,Baicalein,0.9
UGT74B1,ILEDWLMCKZNDJK,True,TESTED_ACTIVE,"6,7-dihydroxy coumarin (Esculetin)",O=C1C=CC2=C(O1)C=C(O)C(O)=C2,Coumarins,1,ESCULETIN,Coumarins,TESTED_ACTIVE,qualifying_glycosylation_product_detected,connectivity_exact__stereochemistry_unresolved,independent_study_cross_source_common_enzyme_acceptor,True,True,connectivity_match_stereo_unresolved,,comparable_tested,double_positive,Coumarins,Coumarins,Esculetin,0.9
UGT74B1,IXORZMNAPKEEDV,False,TESTED_INACTIVE,Gibberellin A3,C[C@@]12[C@@H](O)C=C[C@]3(OC2=O)[C@]1([H])[C@H](C(O)=O)[C@]4(CC5=C)[C@@]3([H])CC[C@]5(O)C4,Diterpenoids,0,GIBBERELLIC ACID,Diterpenoids,TESTED_INACTIVE,screened_no_qualifying_product_at_threshold,connectivity_exact__stereochemistry_unresolved,independent_study_cross_source_common_enzyme_acceptor,True,True,connectivity_match_stereo_unresolved,,comparable_tested,double_not_detected,Diterpenoids,other,Gibberellin A3,0.9
UGT74B1,IYRMWMYZSQPJKC,True,TESTED_ACTIVE,Kaempferol,OC1=C(C2=CC=C(O)C=C2)OC3=C(C(O)=CC(O)=C3)C1=O,Flavonoids,0,KAEMPFEROL,Flavonoids,TESTED_INACTIVE,screened_no_qualifying_product_at_threshold,connectivity_exact__stereochemistry_unresolved,independent_study_cross_source_common_enzyme_acceptor,False,True,connectivity_match_stereo_unresolved,,comparable_tested,y18_only,Flavonoids,other,Kaempferol,0.9
UGT74B1,KSEBMYQBYZTDHS,False,TESTED_INACTIVE,4-hydroxy 3-methoxy cinnamic acid,O=C(O)C=CC1=CC=C(O)C(OC)=C1,Phenylpropanoids,0,FERULIC ACID,Phenylpropanoids (C6-C3),TESTED_INACTIVE,screened_no_qualifying_product_at_threshold,connectivity_exact__stereochemistry_unresolved,independent_study_cross_source_common_enzyme_acceptor,True,True,connectivity_match_stereo_unresolved,,comparable_tested,double_not_detected,Phenylpropanoids,HCA,Ferulic acid,0.9
UGT74B1,KZJWDPNRJALLNS,False,TESTED_INACTIVE,β-Sitosterol,CC[C@@H](C(C)C)CC[C@H]([C@H]1CC[C@@H]2[C@]1(C)CC[C@H]3[C@H]2CC=C4[C@]3(C)CC[C@H](O)C4)C,Steroids,0,BETA-SITOSTEROL,Steroids,TESTED_INACTIVE,screened_no_qualifying_product_at_threshold,connectivity_exact__stereochemistry_unresolved,independent_study_cross_source_common_enzyme_acceptor,True,True,connectivity_match_stereo_unresolved,,comparable_tested,double_not_detected,Steroids,other,β-Sitosterol,0.9
UGT74B1,ORHBXUUXSCNDEV,True,TESTED_ACTIVE,Umbelliferone,O=C1C=CC2=C(O1)C=C(O)C=C2,Coumarins,1,UMBELLIFERONE,Coumarins,TESTED_ACTIVE,qualifying_glycosylation_product_detected,connectivity_exact__stereochemistry_unresolved,independent_study_cross_source_common_enzyme_acceptor,True,True,connectivity_match_stereo_unresolved,,comparable_tested,double_positive,Coumarins,Coumarins,Umbelliferone,0.9
UGT74B1,PCMORTLOPMLEFB,False,TESTED_INACTIVE,Sinapic acid,COC1=CC(C=CC(O)=O)=CC(OC)=C1O,Phenylpropanoids,0,SINAPIC ACID,Phenylpropanoids (C6-C3),TESTED_INACTIVE,screened_no_qualifying_product_at_threshold,connectivity_exact__stereochemistry_unresolved,independent_study_cross_source_common_enzyme_acceptor,True,True,connectivity_match_stereo_unresolved,,comparable_tested,double_not_detected,Phenylpropanoids,HCA,Sinapic acid,0.9
UGT74B1,PFTAWBLQPZVEMU,True,TESTED_ACTIVE,Catechin,OC1C(C2=CC=C(O)C(O)=C2)OC3=C(C(O)=CC(O)=C3)C1,Flavonoids,1,EPICATECHIN,Flavonoids,TESTED_ACTIVE,qualifying_glycosylation_product_detected,connectivity_exact__stereochemistry_unresolved,independent_study_cross_source_common_enzyme_acceptor,True,False,identity_conflict_connectivity_collapses_multiple_M25_stereoisomer_names,same_connectivity_multiple_M25_stereoisomer_names,not_comparable_not_tested_or_identity_conflict,double_positive,Flavonoids,other,Catechin,0.9
UGT74B1,PQEYTAGBXNEUQL,False,TESTED_INACTIVE,Dihydrojasmonic acid,O=C1CC[C@@H]([C@H]1CCCCC)CC(O)=O,Octadecanoids,0,DIHYDROJASMONIC ACID,Octadecanoids,TESTED_INACTIVE,screened_no_qualifying_product_at_threshold,connectivity_exact__stereochemistry_unresolved,independent_study_cross_source_common_enzyme_acceptor,True,True,connectivity_match_stereo_unresolved,,comparable_tested,double_not_detected,Octadecanoids,other,Dihydrojasmonic acid,0.9
UGT74B1,QAIPRVGONGVQAS,False,TESTED_INACTIVE,"3,4-dihyroxy cinnamic acid",O=C(O)C=CC1=CC=C(O)C(O)=C1,Phenylpropanoids,0,CAFFEIC ACID,Phenylpropanoids (C6-C3),TESTED_INACTIVE,screened_no_qualifying_product_at_threshold,connectivity_exact__stereochemistry_unresolved,independent_study_cross_source_common_enzyme_acceptor,True,True,connectivity_match_stereo_unresolved,,comparable_tested,double_not_detected,Phenylpropanoids,HCA,Caffeic acid,0.9
UGT74B1,QANMHLXAZMSUEX,False,TESTED_INACTIVE,Kinetin,C1(CNC2=NC=NC3=C2NC=N3)=CC=CO1,Pseudoalkaloids,0,KINETIN,Pseudoalkaloids,TESTED_INACTIVE,screened_no_qualifying_product_at_threshold,connectivity_exact__stereochemistry_unresolved,independent_study_cross_source_common_enzyme_acceptor,True,True,connectivity_match_stereo_unresolved,,comparable_tested,double_not_detected,Pseudoalkaloids,other,Kinetin,0.9
UGT74B1,REFJWTPEDVJJIY,True,TESTED_ACTIVE,Quercetin,OC1=C(C2=CC=C(O)C(O)=C2)OC3=C(C(O)=CC(O)=C3)C1=O,Flavonoids,0,QUERCETIN,Flavonoids,TESTED_INACTIVE,screened_no_qualifying_product_at_threshold,connectivity_exact__stereochemistry_unresolved,independent_study_cross_source_common_enzyme_acceptor,False,True,connectivity_match_stereo_unresolved,,comparable_tested,y18_only,Flavonoids,other,Quercetin,0.9
UGT74B1,RODXRVNMMDRFIK,True,TESTED_ACTIVE,7-hydroxy 6-methoxy coumarin (Scopoletin),O=C1OC2=C(C=C(C(O)=C2)OC)C=C1,Coumarins,1,SCOPOLETIN,Coumarins,TESTED_ACTIVE,qualifying_glycosylation_product_detected,connectivity_exact__stereochemistry_unresolved,independent_study_cross_source_common_enzyme_acceptor,True,True,connectivity_match_stereo_unresolved,,comparable_tested,double_positive,Coumarins,Coumarins,Scopoletin,0.9
UGT74B1,TZBJGXHYKVUXJN,True,TESTED_ACTIVE,Genistein,O=C1C(C2=CC=C(O)C=C2)=COC3=C1C(O)=CC(O)=C3,Isoflavonoids,1,GENISTEIN,Isoflavonoids,TESTED_ACTIVE,qualifying_glycosylation_product_detected,connectivity_exact__stereochemistry_unresolved,independent_study_cross_source_common_enzyme_acceptor,True,True,connectivity_match_stereo_unresolved,,comparable_tested,double_positive,Isoflavonoids,other,Genistein,0.9
UGT74B1,XHEFDIBZLJXQHF,True,TESTED_ACTIVE,Fisetin,OC1=CC(OC(C2=CC(O)=C(O)C=C2)=C(O)C3=O)=C3C=C1,Flavonoids,0,FISETIN,Flavonoids,TESTED_INACTIVE,screened_no_qualifying_product_at_threshold,connectivity_exact__stereochemistry_unresolved,independent_study_cross_source_common_enzyme_acceptor,False,True,connectivity_match_stereo_unresolved,,comparable_tested,y18_only,Flavonoids,other,Fisetin,0.9
UGT74F2,FXNFHKRTJBSTCS,True,TESTED_ACTIVE,Baicalein,O=C1C=C(C2=CC=CC=C2)OC3=C1C(O)=C(C(O)=C3)O,Flavonoids,0,BAICALEIN,Flavonoids,TESTED_INACTIVE,screened_no_qualifying_product_at_threshold,connectivity_exact__stereochemistry_unresolved,independent_study_cross_source_common_enzyme_acceptor,False,True,connectivity_match_stereo_unresolved,,comparable_tested,y18_only,Flavonoids,other,Baicalein,0.9
UGT74F2,ILEDWLMCKZNDJK,True,TESTED_ACTIVE,"6,7-dihydroxy coumarin (Esculetin)",O=C1C=CC2=C(O1)C=C(O)C(O)=C2,Coumarins,1,ESCULETIN,Coumarins,TESTED_ACTIVE,qualifying_glycosylation_product_detected,connectivity_exact__stereochemistry_unresolved,independent_study_cross_source_common_enzyme_acceptor,True,True,connectivity_match_stereo_unresolved,,comparable_tested,double_positive,Coumarins,Coumarins,Esculetin,0.9
UGT74F2,IXORZMNAPKEEDV,False,TESTED_INACTIVE,Gibberellin A3,C[C@@]12[C@@H](O)C=C[C@]3(OC2=O)[C@]1([H])[C@H](C(O)=O)[C@]4(CC5=C)[C@@]3([H])CC[C@]5(O)C4,Diterpenoids,0,GIBBERELLIC ACID,Diterpenoids,TESTED_INACTIVE,screened_no_qualifying_product_at_threshold,connectivity_exact__stereochemistry_unresolved,independent_study_cross_source_common_enzyme_acceptor,True,True,connectivity_match_stereo_unresolved,,comparable_tested,double_not_detected,Diterpenoids,other,Gibberellin A3,0.9
UGT74F2,IYRMWMYZSQPJKC,True,TESTED_ACTIVE,Kaempferol,OC1=C(C2=CC=C(O)C=C2)OC3=C(C(O)=CC(O)=C3)C1=O,Flavonoids,1,KAEMPFEROL,Flavonoids,TESTED_ACTIVE,qualifying_glycosylation_product_detected,connectivity_exact__stereochemistry_unresolved,independent_study_cross_source_common_enzyme_acceptor,True,True,connectivity_match_stereo_unresolved,,comparable_tested,double_positive,Flavonoids,other,Kaempferol,0.9
UGT74F2,KSEBMYQBYZTDHS,False,TESTED_INACTIVE,4-hydroxy 3-methoxy cinnamic acid,O=C(O)C=CC1=CC=C(O)C(OC)=C1,Phenylpropanoids,0,FERULIC ACID,Phenylpropanoids (C6-C3),TESTED_INACTIVE,screened_no_qualifying_product_at_threshold,connectivity_exact__stereochemistry_unresolved,independent_study_cross_source_common_enzyme_acceptor,True,True,connectivity_match_stereo_unresolved,,comparable_tested,double_not_detected,Phenylpropanoids,HCA,Ferulic acid,0.9
UGT74F2,KZJWDPNRJALLNS,False,NOT_TESTED,β-Sitosterol,CC[C@@H](C(C)C)CC[C@H]([C@H]1CC[C@@H]2[C@]1(C)CC[C@H]3[C@H]2CC=C4[C@]3(C)CC[C@H](O)C4)C,Steroids,0,BETA-SITOSTEROL,Steroids,TESTED_INACTIVE,screened_no_qualifying_product_at_threshold,connectivity_exact__stereochemistry_unresolved,independent_study_cross_source_common_enzyme_acceptor,True,True,connectivity_match_stereo_unresolved,,not_comparable_not_tested_or_identity_conflict,not_comparable,Steroids,other,β-Sitosterol,0.9
UGT74F2,ORHBXUUXSCNDEV,True,TESTED_ACTIVE,Umbelliferone,O=C1C=CC2=C(O1)C=C(O)C=C2,Coumarins,1,UMBELLIFERONE,Coumarins,TESTED_ACTIVE,qualifying_glycosylation_product_detected,connectivity_exact__stereochemistry_unresolved,independent_study_cross_source_common_enzyme_acceptor,True,True,connectivity_match_stereo_unresolved,,comparable_tested,double_positive,Coumarins,Coumarins,Umbelliferone,0.9
UGT74F2,PCMORTLOPMLEFB,False,TESTED_INACTIVE,Sinapic acid,COC1=CC(C=CC(O)=O)=CC(OC)=C1O,Phenylpropanoids,0,SINAPIC ACID,Phenylpropanoids (C6-C3),TESTED_INACTIVE,screened_no_qualifying_product_at_threshold,connectivity_exact__stereochemistry_unresolved,independent_study_cross_source_common_enzyme_acceptor,True,True,connectivity_match_stereo_unresolved,,comparable_tested,double_not_detected,Phenylpropanoids,HCA,Sinapic acid,0.9
UGT74F2,PFTAWBLQPZVEMU,True,TESTED_ACTIVE,Catechin,OC1C(C2=CC=C(O)C(O)=C2)OC3=C(C(O)=CC(O)=C3)C1,Flavonoids,1,EPICATECHIN,Flavonoids,TESTED_ACTIVE,qualifying_glycosylation_product_detected,connectivity_exact__stereochemistry_unresolved,independent_study_cross_source_common_enzyme_acceptor,True,False,identity_conflict_connectivity_collapses_multiple_M25_stereoisomer_names,same_connectivity_multiple_M25_stereoisomer_names,not_comparable_not_tested_or_identity_conflict,double_positive,Flavonoids,other,Catechin,0.9
UGT74F2,PQEYTAGBXNEUQL,False,TESTED_INACTIVE,Dihydrojasmonic acid,O=C1CC[C@@H]([C@H]1CCCCC)CC(O)=O,Octadecanoids,0,DIHYDROJASMONIC ACID,Octadecanoids,TESTED_INACTIVE,screened_no_qualifying_product_at_threshold,connectivity_exact__stereochemistry_unresolved,independent_study_cross_source_common_enzyme_acceptor,True,True,connectivity_match_stereo_unresolved,,comparable_tested,double_not_detected,Octadecanoids,other,Dihydrojasmonic acid,0.9
UGT74F2,QAIPRVGONGVQAS,False,TESTED_INACTIVE,"3,4-dihyroxy cinnamic acid",O=C(O)C=CC1=CC=C(O)C(O)=C1,Phenylpropanoids,0,CAFFEIC ACID,Phenylpropanoids (C6-C3),TESTED_INACTIVE,screened_no_qualifying_product_at_threshold,connectivity_exact__stereochemistry_unresolved,independent_study_cross_source_common_enzyme_acceptor,True,True,connectivity_match_stereo_unresolved,,comparable_tested,double_not_detected,Phenylpropanoids,HCA,Caffeic acid,0.9
UGT74F2,QANMHLXAZMSUEX,False,TESTED_INACTIVE,Kinetin,C1(CNC2=NC=NC3=C2NC=N3)=CC=CO1,Pseudoalkaloids,0,KINETIN,Pseudoalkaloids,TESTED_INACTIVE,screened_no_qualifying_product_at_threshold,connectivity_exact__stereochemistry_unresolved,independent_study_cross_source_common_enzyme_acceptor,True,True,connectivity_match_stereo_unresolved,,comparable_tested,double_not_detected,Pseudoalkaloids,other,Kinetin,0.9
UGT74F2,REFJWTPEDVJJIY,True,TESTED_ACTIVE,Quercetin,OC1=C(C2=CC=C(O)C(O)=C2)OC3=C(C(O)=CC(O)=C3)C1=O,Flavonoids,1,QUERCETIN,Flavonoids,TESTED_ACTIVE,qualifying_glycosylation_product_detected,connectivity_exact__stereochemistry_unresolved,independent_study_cross_source_common_enzyme_acceptor,True,True,connectivity_match_stereo_unresolved,,comparable_tested,double_positive,Flavonoids,other,Quercetin,0.9
UGT74F2,RODXRVNMMDRFIK,True,TESTED_ACTIVE,7-hydroxy 6-methoxy coumarin (Scopoletin),O=C1OC2=C(C=C(C(O)=C2)OC)C=C1,Coumarins,1,SCOPOLETIN,Coumarins,TESTED_ACTIVE,qualifying_glycosylation_product_detected,connectivity_exact__stereochemistry_unresolved,independent_study_cross_source_common_enzyme_acceptor,True,True,connectivity_match_stereo_unresolved,,comparable_tested,double_positive,Coumarins,Coumarins,Scopoletin,0.9
UGT74F2,TZBJGXHYKVUXJN,True,TESTED_ACTIVE,Genistein,O=C1C(C2=CC=C(O)C=C2)=COC3=C1C(O)=CC(O)=C3,Isoflavonoids,1,GENISTEIN,Isoflavonoids,TESTED_ACTIVE,qualifying_glycosylation_product_detected,connectivity_exact__stereochemistry_unresolved,independent_study_cross_source_common_enzyme_acceptor,True,True,connectivity_match_stereo_unresolved,,comparable_tested,double_positive,Isoflavonoids,other,Genistein,0.9
UGT74F2,XHEFDIBZLJXQHF,True,TESTED_ACTIVE,Fisetin,OC1=CC(OC(C2=CC(O)=C(O)C=C2)=C(O)C3=O)=C3C=C1,Flavonoids,0,FISETIN,Flavonoids,TESTED_INACTIVE,screened_no_qualifying_product_at_threshold,connectivity_exact__stereochemistry_unresolved,independent_study_cross_source_common_enzyme_acceptor,False,True,connectivity_match_stereo_unresolved,,comparable_tested,y18_only,Flavonoids,other,Fisetin,0.9
UGT75D1,FXNFHKRTJBSTCS,False,TESTED_INACTIVE,Baicalein,O=C1C=C(C2=CC=CC=C2)OC3=C1C(O)=C(C(O)=C3)O,Flavonoids,0,BAICALEIN,Flavonoids,TESTED_INACTIVE,screened_no_qualifying_product_at_threshold,connectivity_exact__stereochemistry_unresolved,independent_study_cross_source_common_enzyme_acceptor,True,True,connectivity_match_stereo_unresolved,,comparable_tested,double_not_detected,Flavonoids,other,Baicalein,0.9
UGT75D1,ILEDWLMCKZNDJK,True,TESTED_ACTIVE,"6,7-dihydroxy coumarin (Esculetin)",O=C1C=CC2=C(O1)C=C(O)C(O)=C2,Coumarins,0,ESCULETIN,Coumarins,TESTED_INACTIVE,screened_no_qualifying_product_at_threshold,connectivity_exact__stereochemistry_unresolved,independent_study_cross_source_common_enzyme_acceptor,False,True,connectivity_match_stereo_unresolved,,comparable_tested,y18_only,Coumarins,Coumarins,Esculetin,0.9
UGT75D1,IXORZMNAPKEEDV,False,TESTED_INACTIVE,Gibberellin A3,C[C@@]12[C@@H](O)C=C[C@]3(OC2=O)[C@]1([H])[C@H](C(O)=O)[C@]4(CC5=C)[C@@]3([H])CC[C@]5(O)C4,Diterpenoids,0,GIBBERELLIC ACID,Diterpenoids,TESTED_INACTIVE,screened_no_qualifying_product_at_threshold,connectivity_exact__stereochemistry_unresolved,independent_study_cross_source_common_enzyme_acceptor,True,True,connectivity_match_stereo_unresolved,,comparable_tested,double_not_detected,Diterpenoids,other,Gibberellin A3,0.9
UGT75D1,IYRMWMYZSQPJKC,True,TESTED_ACTIVE,Kaempferol,OC1=C(C2=CC=C(O)C=C2)OC3=C(C(O)=CC(O)=C3)C1=O,Flavonoids,0,KAEMPFEROL,Flavonoids,TESTED_INACTIVE,screened_no_qualifying_product_at_threshold,connectivity_exact__stereochemistry_unresolved,independent_study_cross_source_common_enzyme_acceptor,False,True,connectivity_match_stereo_unresolved,,comparable_tested,y18_only,Flavonoids,other,Kaempferol,0.9
UGT75D1,KSEBMYQBYZTDHS,True,TESTED_ACTIVE,4-hydroxy 3-methoxy cinnamic acid,O=C(O)C=CC1=CC=C(O)C(OC)=C1,Phenylpropanoids,0,FERULIC ACID,Phenylpropanoids (C6-C3),TESTED_INACTIVE,screened_no_qualifying_product_at_threshold,connectivity_exact__stereochemistry_unresolved,independent_study_cross_source_common_enzyme_acceptor,False,True,connectivity_match_stereo_unresolved,,comparable_tested,y18_only,Phenylpropanoids,HCA,Ferulic acid,0.9
UGT75D1,KZJWDPNRJALLNS,False,TESTED_INACTIVE,β-Sitosterol,CC[C@@H](C(C)C)CC[C@H]([C@H]1CC[C@@H]2[C@]1(C)CC[C@H]3[C@H]2CC=C4[C@]3(C)CC[C@H](O)C4)C,Steroids,0,BETA-SITOSTEROL,Steroids,TESTED_INACTIVE,screened_no_qualifying_product_at_threshold,connectivity_exact__stereochemistry_unresolved,independent_study_cross_source_common_enzyme_acceptor,True,True,connectivity_match_stereo_unresolved,,comparable_tested,double_not_detected,Steroids,other,β-Sitosterol,0.9
UGT75D1,ORHBXUUXSCNDEV,False,TESTED_INACTIVE,Umbelliferone,O=C1C=CC2=C(O1)C=C(O)C=C2,Coumarins,1,UMBELLIFERONE,Coumarins,TESTED_ACTIVE,qualifying_glycosylation_product_detected,connectivity_exact__stereochemistry_unresolved,independent_study_cross_source_common_enzyme_acceptor,False,True,connectivity_match_stereo_unresolved,,comparable_tested,m25_only,Coumarins,Coumarins,Umbelliferone,0.9
UGT75D1,PCMORTLOPMLEFB,False,TESTED_INACTIVE,Sinapic acid,COC1=CC(C=CC(O)=O)=CC(OC)=C1O,Phenylpropanoids,0,SINAPIC ACID,Phenylpropanoids (C6-C3),TESTED_INACTIVE,screened_no_qualifying_product_at_threshold,connectivity_exact__stereochemistry_unresolved,independent_study_cross_source_common_enzyme_acceptor,True,True,connectivity_match_stereo_unresolved,,comparable_tested,double_not_detected,Phenylpropanoids,HCA,Sinapic acid,0.9
UGT75D1,PFTAWBLQPZVEMU,False,TESTED_INACTIVE,Catechin,OC1C(C2=CC=C(O)C(O)=C2)OC3=C(C(O)=CC(O)=C3)C1,Flavonoids,0,EPICATECHIN,Flavonoids,TESTED_INACTIVE,screened_no_qualifying_product_at_threshold,connectivity_exact__stereochemistry_unresolved,independent_study_cross_source_common_enzyme_acceptor,True,False,identity_conflict_connectivity_collapses_multiple_M25_stereoisomer_names,same_connectivity_multiple_M25_stereoisomer_names,not_comparable_not_tested_or_identity_conflict,double_not_detected,Flavonoids,other,Catechin,0.9
UGT75D1,PQEYTAGBXNEUQL,False,TESTED_INACTIVE,Dihydrojasmonic acid,O=C1CC[C@@H]([C@H]1CCCCC)CC(O)=O,Octadecanoids,0,DIHYDROJASMONIC ACID,Octadecanoids,TESTED_INACTIVE,screened_no_qualifying_product_at_threshold,connectivity_exact__stereochemistry_unresolved,independent_study_cross_source_common_enzyme_acceptor,True,True,connectivity_match_stereo_unresolved,,comparable_tested,double_not_detected,Octadecanoids,other,Dihydrojasmonic acid,0.9
UGT75D1,QAIPRVGONGVQAS,False,TESTED_INACTIVE,"3,4-dihyroxy cinnamic acid",O=C(O)C=CC1=CC=C(O)C(O)=C1,Phenylpropanoids,0,CAFFEIC ACID,Phenylpropanoids (C6-C3),TESTED_INACTIVE,screened_no_qualifying_product_at_threshold,connectivity_exact__stereochemistry_unresolved,independent_study_cross_source_common_enzyme_acceptor,True,True,connectivity_match_stereo_unresolved,,comparable_tested,double_not_detected,Phenylpropanoids,HCA,Caffeic acid,0.9
UGT75D1,QANMHLXAZMSUEX,False,TESTED_INACTIVE,Kinetin,C1(CNC2=NC=NC3=C2NC=N3)=CC=CO1,Pseudoalkaloids,0,KINETIN,Pseudoalkaloids,TESTED_INACTIVE,screened_no_qualifying_product_at_threshold,connectivity_exact__stereochemistry_unresolved,independent_study_cross_source_common_enzyme_acceptor,True,True,connectivity_match_stereo_unresolved,,comparable_tested,double_not_detected,Pseudoalkaloids,other,Kinetin,0.9
UGT75D1,REFJWTPEDVJJIY,False,TESTED_INACTIVE,Quercetin,OC1=C(C2=CC=C(O)C(O)=C2)OC3=C(C(O)=CC(O)=C3)C1=O,Flavonoids,0,QUERCETIN,Flavonoids,TESTED_INACTIVE,screened_no_qualifying_product_at_threshold,connectivity_exact__stereochemistry_unresolved,independent_study_cross_source_common_enzyme_acceptor,True,True,connectivity_match_stereo_unresolved,,comparable_tested,double_not_detected,Flavonoids,other,Quercetin,0.9
UGT75D1,RODXRVNMMDRFIK,True,TESTED_ACTIVE,7-hydroxy 6-methoxy coumarin (Scopoletin),O=C1OC2=C(C=C(C(O)=C2)OC)C=C1,Coumarins,0,SCOPOLETIN,Coumarins,TESTED_INACTIVE,screened_no_qualifying_product_at_threshold,connectivity_exact__stereochemistry_unresolved,independent_study_cross_source_common_enzyme_acceptor,False,True,connectivity_match_stereo_unresolved,,comparable_tested,y18_only,Coumarins,Coumarins,Scopoletin,0.9
UGT75D1,TZBJGXHYKVUXJN,False,TESTED_INACTIVE,Genistein,O=C1C(C2=CC=C(O)C=C2)=COC3=C1C(O)=CC(O)=C3,Isoflavonoids,1,GENISTEIN,Isoflavonoids,TESTED_ACTIVE,qualifying_glycosylation_product_detected,connectivity_exact__stereochemistry_unresolved,independent_study_cross_source_common_enzyme_acceptor,False,True,connectivity_match_stereo_unresolved,,comparable_tested,m25_only,Isoflavonoids,other,Genistein,0.9
UGT75D1,XHEFDIBZLJXQHF,False,TESTED_INACTIVE,Fisetin,OC1=CC(OC(C2=CC(O)=C(O)C=C2)=C(O)C3=O)=C3C=C1,Flavonoids,0,FISETIN,Flavonoids,TESTED_INACTIVE,screened_no_qualifying_product_at_threshold,connectivity_exact__stereochemistry_unresolved,independent_study_cross_source_common_enzyme_acceptor,True,True,connectivity_match_stereo_unresolved,,comparable_tested,double_not_detected,Flavonoids,other,Fisetin,0.9
UGT76E12,FXNFHKRTJBSTCS,True,TESTED_ACTIVE,Baicalein,O=C1C=C(C2=CC=CC=C2)OC3=C1C(O)=C(C(O)=C3)O,Flavonoids,0,BAICALEIN,Flavonoids,TESTED_INACTIVE,screened_no_qualifying_product_at_threshold,connectivity_exact__stereochemistry_unresolved,independent_study_cross_source_common_enzyme_acceptor,False,True,connectivity_match_stereo_unresolved,,comparable_tested,y18_only,Flavonoids,other,Baicalein,0.9
UGT76E12,ILEDWLMCKZNDJK,True,TESTED_ACTIVE,"6,7-dihydroxy coumarin (Esculetin)",O=C1C=CC2=C(O1)C=C(O)C(O)=C2,Coumarins,0,ESCULETIN,Coumarins,TESTED_INACTIVE,screened_no_qualifying_product_at_threshold,connectivity_exact__stereochemistry_unresolved,independent_study_cross_source_common_enzyme_acceptor,False,True,connectivity_match_stereo_unresolved,,comparable_tested,y18_only,Coumarins,Coumarins,Esculetin,0.9
UGT76E12,IXORZMNAPKEEDV,False,TESTED_INACTIVE,Gibberellin A3,C[C@@]12[C@@H](O)C=C[C@]3(OC2=O)[C@]1([H])[C@H](C(O)=O)[C@]4(CC5=C)[C@@]3([H])CC[C@]5(O)C4,Diterpenoids,0,GIBBERELLIC ACID,Diterpenoids,TESTED_INACTIVE,screened_no_qualifying_product_at_threshold,connectivity_exact__stereochemistry_unresolved,independent_study_cross_source_common_enzyme_acceptor,True,True,connectivity_match_stereo_unresolved,,comparable_tested,double_not_detected,Diterpenoids,other,Gibberellin A3,0.9
UGT76E12,IYRMWMYZSQPJKC,True,TESTED_ACTIVE,Kaempferol,OC1=C(C2=CC=C(O)C=C2)OC3=C(C(O)=CC(O)=C3)C1=O,Flavonoids,0,KAEMPFEROL,Flavonoids,TESTED_INACTIVE,screened_no_qualifying_product_at_threshold,connectivity_exact__stereochemistry_unresolved,independent_study_cross_source_common_enzyme_acceptor,False,True,connectivity_match_stereo_unresolved,,comparable_tested,y18_only,Flavonoids,other,Kaempferol,0.9
UGT76E12,KSEBMYQBYZTDHS,False,TESTED_INACTIVE,4-hydroxy 3-methoxy cinnamic acid,O=C(O)C=CC1=CC=C(O)C(OC)=C1,Phenylpropanoids,0,FERULIC ACID,Phenylpropanoids (C6-C3),TESTED_INACTIVE,screened_no_qualifying_product_at_threshold,connectivity_exact__stereochemistry_unresolved,independent_study_cross_source_common_enzyme_acceptor,True,True,connectivity_match_stereo_unresolved,,comparable_tested,double_not_detected,Phenylpropanoids,HCA,Ferulic acid,0.9
UGT76E12,KZJWDPNRJALLNS,False,TESTED_INACTIVE,β-Sitosterol,CC[C@@H](C(C)C)CC[C@H]([C@H]1CC[C@@H]2[C@]1(C)CC[C@H]3[C@H]2CC=C4[C@]3(C)CC[C@H](O)C4)C,Steroids,0,BETA-SITOSTEROL,Steroids,TESTED_INACTIVE,screened_no_qualifying_product_at_threshold,connectivity_exact__stereochemistry_unresolved,independent_study_cross_source_common_enzyme_acceptor,True,True,connectivity_match_stereo_unresolved,,comparable_tested,double_not_detected,Steroids,other,β-Sitosterol,0.9
UGT76E12,ORHBXUUXSCNDEV,True,TESTED_ACTIVE,Umbelliferone,O=C1C=CC2=C(O1)C=C(O)C=C2,Coumarins,0,UMBELLIFERONE,Coumarins,TESTED_INACTIVE,screened_no_qualifying_product_at_threshold,connectivity_exact__stereochemistry_unresolved,independent_study_cross_source_common_enzyme_acceptor,False,True,connectivity_match_stereo_unresolved,,comparable_tested,y18_only,Coumarins,Coumarins,Umbelliferone,0.9
UGT76E12,PCMORTLOPMLEFB,False,TESTED_INACTIVE,Sinapic acid,COC1=CC(C=CC(O)=O)=CC(OC)=C1O,Phenylpropanoids,0,SINAPIC ACID,Phenylpropanoids (C6-C3),TESTED_INACTIVE,screened_no_qualifying_product_at_threshold,connectivity_exact__stereochemistry_unresolved,independent_study_cross_source_common_enzyme_acceptor,True,True,connectivity_match_stereo_unresolved,,comparable_tested,double_not_detected,Phenylpropanoids,HCA,Sinapic acid,0.9
UGT76E12,PFTAWBLQPZVEMU,False,TESTED_INACTIVE,Catechin,OC1C(C2=CC=C(O)C(O)=C2)OC3=C(C(O)=CC(O)=C3)C1,Flavonoids,0,EPICATECHIN,Flavonoids,TESTED_INACTIVE,screened_no_qualifying_product_at_threshold,connectivity_exact__stereochemistry_unresolved,independent_study_cross_source_common_enzyme_acceptor,True,False,identity_conflict_connectivity_collapses_multiple_M25_stereoisomer_names,same_connectivity_multiple_M25_stereoisomer_names,not_comparable_not_tested_or_identity_conflict,double_not_detected,Flavonoids,other,Catechin,0.9
UGT76E12,PQEYTAGBXNEUQL,False,TESTED_INACTIVE,Dihydrojasmonic acid,O=C1CC[C@@H]([C@H]1CCCCC)CC(O)=O,Octadecanoids,0,DIHYDROJASMONIC ACID,Octadecanoids,TESTED_INACTIVE,screened_no_qualifying_product_at_threshold,connectivity_exact__stereochemistry_unresolved,independent_study_cross_source_common_enzyme_acceptor,True,True,connectivity_match_stereo_unresolved,,comparable_tested,double_not_detected,Octadecanoids,other,Dihydrojasmonic acid,0.9
UGT76E12,QAIPRVGONGVQAS,True,TESTED_ACTIVE,"3,4-dihyroxy cinnamic acid",O=C(O)C=CC1=CC=C(O)C(O)=C1,Phenylpropanoids,0,CAFFEIC ACID,Phenylpropanoids (C6-C3),TESTED_INACTIVE,screened_no_qualifying_product_at_threshold,connectivity_exact__stereochemistry_unresolved,independent_study_cross_source_common_enzyme_acceptor,False,True,connectivity_match_stereo_unresolved,,comparable_tested,y18_only,Phenylpropanoids,HCA,Caffeic acid,0.9
UGT76E12,QANMHLXAZMSUEX,False,TESTED_INACTIVE,Kinetin,C1(CNC2=NC=NC3=C2NC=N3)=CC=CO1,Pseudoalkaloids,0,KINETIN,Pseudoalkaloids,TESTED_INACTIVE,screened_no_qualifying_product_at_threshold,connectivity_exact__stereochemistry_unresolved,independent_study_cross_source_common_enzyme_acceptor,True,True,connectivity_match_stereo_unresolved,,comparable_tested,double_not_detected,Pseudoalkaloids,other,Kinetin,0.9
UGT76E12,REFJWTPEDVJJIY,True,TESTED_ACTIVE,Quercetin,OC1=C(C2=CC=C(O)C(O)=C2)OC3=C(C(O)=CC(O)=C3)C1=O,Flavonoids,0,QUERCETIN,Flavonoids,TESTED_INACTIVE,screened_no_qualifying_product_at_threshold,connectivity_exact__stereochemistry_unresolved,independent_study_cross_source_common_enzyme_acceptor,False,True,connectivity_match_stereo_unresolved,,comparable_tested,y18_only,Flavonoids,other,Quercetin,0.9
UGT76E12,RODXRVNMMDRFIK,True,TESTED_ACTIVE,7-hydroxy 6-methoxy coumarin (Scopoletin),O=C1OC2=C(C=C(C(O)=C2)OC)C=C1,Coumarins,0,SCOPOLETIN,Coumarins,TESTED_INACTIVE,screened_no_qualifying_product_at_threshold,connectivity_exact__stereochemistry_unresolved,independent_study_cross_source_common_enzyme_acceptor,False,True,connectivity_match_stereo_unresolved,,comparable_tested,y18_only,Coumarins,Coumarins,Scopoletin,0.9
UGT76E12,TZBJGXHYKVUXJN,True,TESTED_ACTIVE,Genistein,O=C1C(C2=CC=C(O)C=C2)=COC3=C1C(O)=CC(O)=C3,Isoflavonoids,0,GENISTEIN,Isoflavonoids,TESTED_INACTIVE,screened_no_qualifying_product_at_threshold,connectivity_exact__stereochemistry_unresolved,independent_study_cross_source_common_enzyme_acceptor,False,True,connectivity_match_stereo_unresolved,,comparable_tested,y18_only,Isoflavonoids,other,Genistein,0.9
UGT76E12,XHEFDIBZLJXQHF,True,TESTED_ACTIVE,Fisetin,OC1=CC(OC(C2=CC(O)=C(O)C=C2)=C(O)C3=O)=C3C=C1,Flavonoids,0,FISETIN,Flavonoids,TESTED_INACTIVE,screened_no_qualifying_product_at_threshold,connectivity_exact__stereochemistry_unresolved,independent_study_cross_source_common_enzyme_acceptor,False,True,connectivity_match_stereo_unresolved,,comparable_tested,y18_only,Flavonoids,other,Fisetin,0.9
UGT76E2,FXNFHKRTJBSTCS,True,TESTED_ACTIVE,Baicalein,O=C1C=C(C2=CC=CC=C2)OC3=C1C(O)=C(C(O)=C3)O,Flavonoids,0,BAICALEIN,Flavonoids,TESTED_INACTIVE,screened_no_qualifying_product_at_threshold,connectivity_exact__stereochemistry_unresolved,independent_study_cross_source_common_enzyme_acceptor,False,True,connectivity_match_stereo_unresolved,,comparable_tested,y18_only,Flavonoids,other,Baicalein,0.9
UGT76E2,ILEDWLMCKZNDJK,True,TESTED_ACTIVE,"6,7-dihydroxy coumarin (Esculetin)",O=C1C=CC2=C(O1)C=C(O)C(O)=C2,Coumarins,0,ESCULETIN,Coumarins,TESTED_INACTIVE,screened_no_qualifying_product_at_threshold,connectivity_exact__stereochemistry_unresolved,independent_study_cross_source_common_enzyme_acceptor,False,True,connectivity_match_stereo_unresolved,,comparable_tested,y18_only,Coumarins,Coumarins,Esculetin,0.9
UGT76E2,IXORZMNAPKEEDV,False,TESTED_INACTIVE,Gibberellin A3,C[C@@]12[C@@H](O)C=C[C@]3(OC2=O)[C@]1([H])[C@H](C(O)=O)[C@]4(CC5=C)[C@@]3([H])CC[C@]5(O)C4,Diterpenoids,0,GIBBERELLIC ACID,Diterpenoids,TESTED_INACTIVE,screened_no_qualifying_product_at_threshold,connectivity_exact__stereochemistry_unresolved,independent_study_cross_source_common_enzyme_acceptor,True,True,connectivity_match_stereo_unresolved,,comparable_tested,double_not_detected,Diterpenoids,other,Gibberellin A3,0.9
UGT76E2,IYRMWMYZSQPJKC,True,TESTED_ACTIVE,Kaempferol,OC1=C(C2=CC=C(O)C=C2)OC3=C(C(O)=CC(O)=C3)C1=O,Flavonoids,0,KAEMPFEROL,Flavonoids,TESTED_INACTIVE,screened_no_qualifying_product_at_threshold,connectivity_exact__stereochemistry_unresolved,independent_study_cross_source_common_enzyme_acceptor,False,True,connectivity_match_stereo_unresolved,,comparable_tested,y18_only,Flavonoids,other,Kaempferol,0.9
UGT76E2,KSEBMYQBYZTDHS,False,TESTED_INACTIVE,4-hydroxy 3-methoxy cinnamic acid,O=C(O)C=CC1=CC=C(O)C(OC)=C1,Phenylpropanoids,0,FERULIC ACID,Phenylpropanoids (C6-C3),TESTED_INACTIVE,screened_no_qualifying_product_at_threshold,connectivity_exact__stereochemistry_unresolved,independent_study_cross_source_common_enzyme_acceptor,True,True,connectivity_match_stereo_unresolved,,comparable_tested,double_not_detected,Phenylpropanoids,HCA,Ferulic acid,0.9
UGT76E2,KZJWDPNRJALLNS,False,TESTED_INACTIVE,β-Sitosterol,CC[C@@H](C(C)C)CC[C@H]([C@H]1CC[C@@H]2[C@]1(C)CC[C@H]3[C@H]2CC=C4[C@]3(C)CC[C@H](O)C4)C,Steroids,0,BETA-SITOSTEROL,Steroids,TESTED_INACTIVE,screened_no_qualifying_product_at_threshold,connectivity_exact__stereochemistry_unresolved,independent_study_cross_source_common_enzyme_acceptor,True,True,connectivity_match_stereo_unresolved,,comparable_tested,double_not_detected,Steroids,other,β-Sitosterol,0.9
UGT76E2,ORHBXUUXSCNDEV,False,TESTED_INACTIVE,Umbelliferone,O=C1C=CC2=C(O1)C=C(O)C=C2,Coumarins,0,UMBELLIFERONE,Coumarins,TESTED_INACTIVE,screened_no_qualifying_product_at_threshold,connectivity_exact__stereochemistry_unresolved,independent_study_cross_source_common_enzyme_acceptor,True,True,connectivity_match_stereo_unresolved,,comparable_tested,double_not_detected,Coumarins,Coumarins,Umbelliferone,0.9
UGT76E2,PCMORTLOPMLEFB,False,TESTED_INACTIVE,Sinapic acid,COC1=CC(C=CC(O)=O)=CC(OC)=C1O,Phenylpropanoids,0,SINAPIC ACID,Phenylpropanoids (C6-C3),TESTED_INACTIVE,screened_no_qualifying_product_at_threshold,connectivity_exact__stereochemistry_unresolved,independent_study_cross_source_common_enzyme_acceptor,True,True,connectivity_match_stereo_unresolved,,comparable_tested,double_not_detected,Phenylpropanoids,HCA,Sinapic acid,0.9
UGT76E2,PFTAWBLQPZVEMU,False,TESTED_INACTIVE,Catechin,OC1C(C2=CC=C(O)C(O)=C2)OC3=C(C(O)=CC(O)=C3)C1,Flavonoids,0,EPICATECHIN,Flavonoids,TESTED_INACTIVE,screened_no_qualifying_product_at_threshold,connectivity_exact__stereochemistry_unresolved,independent_study_cross_source_common_enzyme_acceptor,True,False,identity_conflict_connectivity_collapses_multiple_M25_stereoisomer_names,same_connectivity_multiple_M25_stereoisomer_names,not_comparable_not_tested_or_identity_conflict,double_not_detected,Flavonoids,other,Catechin,0.9
UGT76E2,PQEYTAGBXNEUQL,False,TESTED_INACTIVE,Dihydrojasmonic acid,O=C1CC[C@@H]([C@H]1CCCCC)CC(O)=O,Octadecanoids,0,DIHYDROJASMONIC ACID,Octadecanoids,TESTED_INACTIVE,screened_no_qualifying_product_at_threshold,connectivity_exact__stereochemistry_unresolved,independent_study_cross_source_common_enzyme_acceptor,True,True,connectivity_match_stereo_unresolved,,comparable_tested,double_not_detected,Octadecanoids,other,Dihydrojasmonic acid,0.9
UGT76E2,QAIPRVGONGVQAS,False,TESTED_INACTIVE,"3,4-dihyroxy cinnamic acid",O=C(O)C=CC1=CC=C(O)C(O)=C1,Phenylpropanoids,0,CAFFEIC ACID,Phenylpropanoids (C6-C3),TESTED_INACTIVE,screened_no_qualifying_product_at_threshold,connectivity_exact__stereochemistry_unresolved,independent_study_cross_source_common_enzyme_acceptor,True,True,connectivity_match_stereo_unresolved,,comparable_tested,double_not_detected,Phenylpropanoids,HCA,Caffeic acid,0.9
UGT76E2,QANMHLXAZMSUEX,False,TESTED_INACTIVE,Kinetin,C1(CNC2=NC=NC3=C2NC=N3)=CC=CO1,Pseudoalkaloids,0,KINETIN,Pseudoalkaloids,TESTED_INACTIVE,screened_no_qualifying_product_at_threshold,connectivity_exact__stereochemistry_unresolved,independent_study_cross_source_common_enzyme_acceptor,True,True,connectivity_match_stereo_unresolved,,comparable_tested,double_not_detected,Pseudoalkaloids,other,Kinetin,0.9
UGT76E2,REFJWTPEDVJJIY,False,TESTED_INACTIVE,Quercetin,OC1=C(C2=CC=C(O)C(O)=C2)OC3=C(C(O)=CC(O)=C3)C1=O,Flavonoids,0,QUERCETIN,Flavonoids,TESTED_INACTIVE,screened_no_qualifying_product_at_threshold,connectivity_exact__stereochemistry_unresolved,independent_study_cross_source_common_enzyme_acceptor,True,True,connectivity_match_stereo_unresolved,,comparable_tested,double_not_detected,Flavonoids,other,Quercetin,0.9
UGT76E2,RODXRVNMMDRFIK,True,TESTED_ACTIVE,7-hydroxy 6-methoxy coumarin (Scopoletin),O=C1OC2=C(C=C(C(O)=C2)OC)C=C1,Coumarins,0,SCOPOLETIN,Coumarins,TESTED_INACTIVE,screened_no_qualifying_product_at_threshold,connectivity_exact__stereochemistry_unresolved,independent_study_cross_source_common_enzyme_acceptor,False,True,connectivity_match_stereo_unresolved,,comparable_tested,y18_only,Coumarins,Coumarins,Scopoletin,0.9
UGT76E2,TZBJGXHYKVUXJN,False,TESTED_INACTIVE,Genistein,O=C1C(C2=CC=C(O)C=C2)=COC3=C1C(O)=CC(O)=C3,Isoflavonoids,1,GENISTEIN,Isoflavonoids,TESTED_ACTIVE,qualifying_glycosylation_product_detected,connectivity_exact__stereochemistry_unresolved,independent_study_cross_source_common_enzyme_acceptor,False,True,connectivity_match_stereo_unresolved,,comparable_tested,m25_only,Isoflavonoids,other,Genistein,0.9
UGT76E2,XHEFDIBZLJXQHF,True,TESTED_ACTIVE,Fisetin,OC1=CC(OC(C2=CC(O)=C(O)C=C2)=C(O)C3=O)=C3C=C1,Flavonoids,0,FISETIN,Flavonoids,TESTED_INACTIVE,screened_no_qualifying_product_at_threshold,connectivity_exact__stereochemistry_unresolved,independent_study_cross_source_common_enzyme_acceptor,False,True,connectivity_match_stereo_unresolved,,comparable_tested,y18_only,Flavonoids,other,Fisetin,0.9
UGT76E4,FXNFHKRTJBSTCS,True,TESTED_ACTIVE,Baicalein,O=C1C=C(C2=CC=CC=C2)OC3=C1C(O)=C(C(O)=C3)O,Flavonoids,0,BAICALEIN,Flavonoids,TESTED_INACTIVE,screened_no_qualifying_product_at_threshold,connectivity_exact__stereochemistry_unresolved,independent_study_cross_source_common_enzyme_acceptor,False,True,connectivity_match_stereo_unresolved,,comparable_tested,y18_only,Flavonoids,other,Baicalein,0.9
UGT76E4,ILEDWLMCKZNDJK,True,TESTED_ACTIVE,"6,7-dihydroxy coumarin (Esculetin)",O=C1C=CC2=C(O1)C=C(O)C(O)=C2,Coumarins,1,ESCULETIN,Coumarins,TESTED_ACTIVE,qualifying_glycosylation_product_detected,connectivity_exact__stereochemistry_unresolved,independent_study_cross_source_common_enzyme_acceptor,True,True,connectivity_match_stereo_unresolved,,comparable_tested,double_positive,Coumarins,Coumarins,Esculetin,0.9
UGT76E4,IXORZMNAPKEEDV,False,TESTED_INACTIVE,Gibberellin A3,C[C@@]12[C@@H](O)C=C[C@]3(OC2=O)[C@]1([H])[C@H](C(O)=O)[C@]4(CC5=C)[C@@]3([H])CC[C@]5(O)C4,Diterpenoids,0,GIBBERELLIC ACID,Diterpenoids,TESTED_INACTIVE,screened_no_qualifying_product_at_threshold,connectivity_exact__stereochemistry_unresolved,independent_study_cross_source_common_enzyme_acceptor,True,True,connectivity_match_stereo_unresolved,,comparable_tested,double_not_detected,Diterpenoids,other,Gibberellin A3,0.9
UGT76E4,IYRMWMYZSQPJKC,True,TESTED_ACTIVE,Kaempferol,OC1=C(C2=CC=C(O)C=C2)OC3=C(C(O)=CC(O)=C3)C1=O,Flavonoids,1,KAEMPFEROL,Flavonoids,TESTED_ACTIVE,qualifying_glycosylation_product_detected,connectivity_exact__stereochemistry_unresolved,independent_study_cross_source_common_enzyme_acceptor,True,True,connectivity_match_stereo_unresolved,,comparable_tested,double_positive,Flavonoids,other,Kaempferol,0.9
UGT76E4,KSEBMYQBYZTDHS,False,TESTED_INACTIVE,4-hydroxy 3-methoxy cinnamic acid,O=C(O)C=CC1=CC=C(O)C(OC)=C1,Phenylpropanoids,0,FERULIC ACID,Phenylpropanoids (C6-C3),TESTED_INACTIVE,screened_no_qualifying_product_at_threshold,connectivity_exact__stereochemistry_unresolved,independent_study_cross_source_common_enzyme_acceptor,True,True,connectivity_match_stereo_unresolved,,comparable_tested,double_not_detected,Phenylpropanoids,HCA,Ferulic acid,0.9
UGT76E4,KZJWDPNRJALLNS,False,TESTED_INACTIVE,β-Sitosterol,CC[C@@H](C(C)C)CC[C@H]([C@H]1CC[C@@H]2[C@]1(C)CC[C@H]3[C@H]2CC=C4[C@]3(C)CC[C@H](O)C4)C,Steroids,0,BETA-SITOSTEROL,Steroids,TESTED_INACTIVE,screened_no_qualifying_product_at_threshold,connectivity_exact__stereochemistry_unresolved,independent_study_cross_source_common_enzyme_acceptor,True,True,connectivity_match_stereo_unresolved,,comparable_tested,double_not_detected,Steroids,other,β-Sitosterol,0.9
UGT76E4,ORHBXUUXSCNDEV,False,TESTED_INACTIVE,Umbelliferone,O=C1C=CC2=C(O1)C=C(O)C=C2,Coumarins,0,UMBELLIFERONE,Coumarins,TESTED_INACTIVE,screened_no_qualifying_product_at_threshold,connectivity_exact__stereochemistry_unresolved,independent_study_cross_source_common_enzyme_acceptor,True,True,connectivity_match_stereo_unresolved,,comparable_tested,double_not_detected,Coumarins,Coumarins,Umbelliferone,0.9
UGT76E4,PCMORTLOPMLEFB,False,TESTED_INACTIVE,Sinapic acid,COC1=CC(C=CC(O)=O)=CC(OC)=C1O,Phenylpropanoids,0,SINAPIC ACID,Phenylpropanoids (C6-C3),TESTED_INACTIVE,screened_no_qualifying_product_at_threshold,connectivity_exact__stereochemistry_unresolved,independent_study_cross_source_common_enzyme_acceptor,True,True,connectivity_match_stereo_unresolved,,comparable_tested,double_not_detected,Phenylpropanoids,HCA,Sinapic acid,0.9
UGT76E4,PFTAWBLQPZVEMU,False,TESTED_INACTIVE,Catechin,OC1C(C2=CC=C(O)C(O)=C2)OC3=C(C(O)=CC(O)=C3)C1,Flavonoids,1,EPICATECHIN,Flavonoids,TESTED_ACTIVE,qualifying_glycosylation_product_detected,connectivity_exact__stereochemistry_unresolved,independent_study_cross_source_common_enzyme_acceptor,False,False,identity_conflict_connectivity_collapses_multiple_M25_stereoisomer_names,same_connectivity_multiple_M25_stereoisomer_names,not_comparable_not_tested_or_identity_conflict,m25_only,Flavonoids,other,Catechin,0.9
UGT76E4,PQEYTAGBXNEUQL,False,TESTED_INACTIVE,Dihydrojasmonic acid,O=C1CC[C@@H]([C@H]1CCCCC)CC(O)=O,Octadecanoids,0,DIHYDROJASMONIC ACID,Octadecanoids,TESTED_INACTIVE,screened_no_qualifying_product_at_threshold,connectivity_exact__stereochemistry_unresolved,independent_study_cross_source_common_enzyme_acceptor,True,True,connectivity_match_stereo_unresolved,,comparable_tested,double_not_detected,Octadecanoids,other,Dihydrojasmonic acid,0.9
UGT76E4,QAIPRVGONGVQAS,False,TESTED_INACTIVE,"3,4-dihyroxy cinnamic acid",O=C(O)C=CC1=CC=C(O)C(O)=C1,Phenylpropanoids,0,CAFFEIC ACID,Phenylpropanoids (C6-C3),TESTED_INACTIVE,screened_no_qualifying_product_at_threshold,connectivity_exact__stereochemistry_unresolved,independent_study_cross_source_common_enzyme_acceptor,True,True,connectivity_match_stereo_unresolved,,comparable_tested,double_not_detected,Phenylpropanoids,HCA,Caffeic acid,0.9
UGT76E4,QANMHLXAZMSUEX,False,TESTED_INACTIVE,Kinetin,C1(CNC2=NC=NC3=C2NC=N3)=CC=CO1,Pseudoalkaloids,0,KINETIN,Pseudoalkaloids,TESTED_INACTIVE,screened_no_qualifying_product_at_threshold,connectivity_exact__stereochemistry_unresolved,independent_study_cross_source_common_enzyme_acceptor,True,True,connectivity_match_stereo_unresolved,,comparable_tested,double_not_detected,Pseudoalkaloids,other,Kinetin,0.9
UGT76E4,REFJWTPEDVJJIY,False,TESTED_INACTIVE,Quercetin,OC1=C(C2=CC=C(O)C(O)=C2)OC3=C(C(O)=CC(O)=C3)C1=O,Flavonoids,0,QUERCETIN,Flavonoids,TESTED_INACTIVE,screened_no_qualifying_product_at_threshold,connectivity_exact__stereochemistry_unresolved,independent_study_cross_source_common_enzyme_acceptor,True,True,connectivity_match_stereo_unresolved,,comparable_tested,double_not_detected,Flavonoids,other,Quercetin,0.9
UGT76E4,RODXRVNMMDRFIK,True,TESTED_ACTIVE,7-hydroxy 6-methoxy coumarin (Scopoletin),O=C1OC2=C(C=C(C(O)=C2)OC)C=C1,Coumarins,0,SCOPOLETIN,Coumarins,TESTED_INACTIVE,screened_no_qualifying_product_at_threshold,connectivity_exact__stereochemistry_unresolved,independent_study_cross_source_common_enzyme_acceptor,False,True,connectivity_match_stereo_unresolved,,comparable_tested,y18_only,Coumarins,Coumarins,Scopoletin,0.9
UGT76E4,TZBJGXHYKVUXJN,False,TESTED_INACTIVE,Genistein,O=C1C(C2=CC=C(O)C=C2)=COC3=C1C(O)=CC(O)=C3,Isoflavonoids,1,GENISTEIN,Isoflavonoids,TESTED_ACTIVE,qualifying_glycosylation_product_detected,connectivity_exact__stereochemistry_unresolved,independent_study_cross_source_common_enzyme_acceptor,False,True,connectivity_match_stereo_unresolved,,comparable_tested,m25_only,Isoflavonoids,other,Genistein,0.9
UGT76E4,XHEFDIBZLJXQHF,True,TESTED_ACTIVE,Fisetin,OC1=CC(OC(C2=CC(O)=C(O)C=C2)=C(O)C3=O)=C3C=C1,Flavonoids,1,FISETIN,Flavonoids,TESTED_ACTIVE,qualifying_glycosylation_product_detected,connectivity_exact__stereochemistry_unresolved,independent_study_cross_source_common_enzyme_acceptor,True,True,connectivity_match_stereo_unresolved,,comparable_tested,double_positive,Flavonoids,other,Fisetin,0.9
UGT78D1,FXNFHKRTJBSTCS,False,TESTED_INACTIVE,Baicalein,O=C1C=C(C2=CC=CC=C2)OC3=C1C(O)=C(C(O)=C3)O,Flavonoids,0,BAICALEIN,Flavonoids,TESTED_INACTIVE,screened_no_qualifying_product_at_threshold,connectivity_exact__stereochemistry_unresolved,independent_study_cross_source_common_enzyme_acceptor,True,True,connectivity_match_stereo_unresolved,,comparable_tested,double_not_detected,Flavonoids,other,Baicalein,0.9
UGT78D1,ILEDWLMCKZNDJK,False,TESTED_INACTIVE,"6,7-dihydroxy coumarin (Esculetin)",O=C1C=CC2=C(O1)C=C(O)C(O)=C2,Coumarins,1,ESCULETIN,Coumarins,TESTED_ACTIVE,qualifying_glycosylation_product_detected,connectivity_exact__stereochemistry_unresolved,independent_study_cross_source_common_enzyme_acceptor,False,True,connectivity_match_stereo_unresolved,,comparable_tested,m25_only,Coumarins,Coumarins,Esculetin,0.9
UGT78D1,IXORZMNAPKEEDV,False,TESTED_INACTIVE,Gibberellin A3,C[C@@]12[C@@H](O)C=C[C@]3(OC2=O)[C@]1([H])[C@H](C(O)=O)[C@]4(CC5=C)[C@@]3([H])CC[C@]5(O)C4,Diterpenoids,0,GIBBERELLIC ACID,Diterpenoids,TESTED_INACTIVE,screened_no_qualifying_product_at_threshold,connectivity_exact__stereochemistry_unresolved,independent_study_cross_source_common_enzyme_acceptor,True,True,connectivity_match_stereo_unresolved,,comparable_tested,double_not_detected,Diterpenoids,other,Gibberellin A3,0.9
UGT78D1,IYRMWMYZSQPJKC,True,TESTED_ACTIVE,Kaempferol,OC1=C(C2=CC=C(O)C=C2)OC3=C(C(O)=CC(O)=C3)C1=O,Flavonoids,1,KAEMPFEROL,Flavonoids,TESTED_ACTIVE,qualifying_glycosylation_product_detected,connectivity_exact__stereochemistry_unresolved,independent_study_cross_source_common_enzyme_acceptor,True,True,connectivity_match_stereo_unresolved,,comparable_tested,double_positive,Flavonoids,other,Kaempferol,0.9
UGT78D1,KSEBMYQBYZTDHS,False,TESTED_INACTIVE,4-hydroxy 3-methoxy cinnamic acid,O=C(O)C=CC1=CC=C(O)C(OC)=C1,Phenylpropanoids,0,FERULIC ACID,Phenylpropanoids (C6-C3),TESTED_INACTIVE,screened_no_qualifying_product_at_threshold,connectivity_exact__stereochemistry_unresolved,independent_study_cross_source_common_enzyme_acceptor,True,True,connectivity_match_stereo_unresolved,,comparable_tested,double_not_detected,Phenylpropanoids,HCA,Ferulic acid,0.9
UGT78D1,KZJWDPNRJALLNS,False,TESTED_INACTIVE,β-Sitosterol,CC[C@@H](C(C)C)CC[C@H]([C@H]1CC[C@@H]2[C@]1(C)CC[C@H]3[C@H]2CC=C4[C@]3(C)CC[C@H](O)C4)C,Steroids,0,BETA-SITOSTEROL,Steroids,TESTED_INACTIVE,screened_no_qualifying_product_at_threshold,connectivity_exact__stereochemistry_unresolved,independent_study_cross_source_common_enzyme_acceptor,True,True,connectivity_match_stereo_unresolved,,comparable_tested,double_not_detected,Steroids,other,β-Sitosterol,0.9
UGT78D1,ORHBXUUXSCNDEV,False,TESTED_INACTIVE,Umbelliferone,O=C1C=CC2=C(O1)C=C(O)C=C2,Coumarins,1,UMBELLIFERONE,Coumarins,TESTED_ACTIVE,qualifying_glycosylation_product_detected,connectivity_exact__stereochemistry_unresolved,independent_study_cross_source_common_enzyme_acceptor,False,True,connectivity_match_stereo_unresolved,,comparable_tested,m25_only,Coumarins,Coumarins,Umbelliferone,0.9
UGT78D1,PCMORTLOPMLEFB,False,TESTED_INACTIVE,Sinapic acid,COC1=CC(C=CC(O)=O)=CC(OC)=C1O,Phenylpropanoids,0,SINAPIC ACID,Phenylpropanoids (C6-C3),TESTED_INACTIVE,screened_no_qualifying_product_at_threshold,connectivity_exact__stereochemistry_unresolved,independent_study_cross_source_common_enzyme_acceptor,True,True,connectivity_match_stereo_unresolved,,comparable_tested,double_not_detected,Phenylpropanoids,HCA,Sinapic acid,0.9
UGT78D1,PFTAWBLQPZVEMU,False,TESTED_INACTIVE,Catechin,OC1C(C2=CC=C(O)C(O)=C2)OC3=C(C(O)=CC(O)=C3)C1,Flavonoids,0,EPICATECHIN,Flavonoids,TESTED_INACTIVE,screened_no_qualifying_product_at_threshold,connectivity_exact__stereochemistry_unresolved,independent_study_cross_source_common_enzyme_acceptor,True,False,identity_conflict_connectivity_collapses_multiple_M25_stereoisomer_names,same_connectivity_multiple_M25_stereoisomer_names,not_comparable_not_tested_or_identity_conflict,double_not_detected,Flavonoids,other,Catechin,0.9
UGT78D1,PQEYTAGBXNEUQL,False,TESTED_INACTIVE,Dihydrojasmonic acid,O=C1CC[C@@H]([C@H]1CCCCC)CC(O)=O,Octadecanoids,0,DIHYDROJASMONIC ACID,Octadecanoids,TESTED_INACTIVE,screened_no_qualifying_product_at_threshold,connectivity_exact__stereochemistry_unresolved,independent_study_cross_source_common_enzyme_acceptor,True,True,connectivity_match_stereo_unresolved,,comparable_tested,double_not_detected,Octadecanoids,other,Dihydrojasmonic acid,0.9
UGT78D1,QAIPRVGONGVQAS,False,TESTED_INACTIVE,"3,4-dihyroxy cinnamic acid",O=C(O)C=CC1=CC=C(O)C(O)=C1,Phenylpropanoids,0,CAFFEIC ACID,Phenylpropanoids (C6-C3),TESTED_INACTIVE,screened_no_qualifying_product_at_threshold,connectivity_exact__stereochemistry_unresolved,independent_study_cross_source_common_enzyme_acceptor,True,True,connectivity_match_stereo_unresolved,,comparable_tested,double_not_detected,Phenylpropanoids,HCA,Caffeic acid,0.9
UGT78D1,QANMHLXAZMSUEX,False,TESTED_INACTIVE,Kinetin,C1(CNC2=NC=NC3=C2NC=N3)=CC=CO1,Pseudoalkaloids,0,KINETIN,Pseudoalkaloids,TESTED_INACTIVE,screened_no_qualifying_product_at_threshold,connectivity_exact__stereochemistry_unresolved,independent_study_cross_source_common_enzyme_acceptor,True,True,connectivity_match_stereo_unresolved,,comparable_tested,double_not_detected,Pseudoalkaloids,other,Kinetin,0.9
UGT78D1,REFJWTPEDVJJIY,True,TESTED_ACTIVE,Quercetin,OC1=C(C2=CC=C(O)C(O)=C2)OC3=C(C(O)=CC(O)=C3)C1=O,Flavonoids,0,QUERCETIN,Flavonoids,TESTED_INACTIVE,screened_no_qualifying_product_at_threshold,connectivity_exact__stereochemistry_unresolved,independent_study_cross_source_common_enzyme_acceptor,False,True,connectivity_match_stereo_unresolved,,comparable_tested,y18_only,Flavonoids,other,Quercetin,0.9
UGT78D1,RODXRVNMMDRFIK,False,NOT_TESTED,7-hydroxy 6-methoxy coumarin (Scopoletin),O=C1OC2=C(C=C(C(O)=C2)OC)C=C1,Coumarins,1,SCOPOLETIN,Coumarins,TESTED_ACTIVE,qualifying_glycosylation_product_detected,connectivity_exact__stereochemistry_unresolved,independent_study_cross_source_common_enzyme_acceptor,False,True,connectivity_match_stereo_unresolved,,not_comparable_not_tested_or_identity_conflict,not_comparable,Coumarins,Coumarins,Scopoletin,0.9
UGT78D1,TZBJGXHYKVUXJN,True,TESTED_ACTIVE,Genistein,O=C1C(C2=CC=C(O)C=C2)=COC3=C1C(O)=CC(O)=C3,Isoflavonoids,1,GENISTEIN,Isoflavonoids,TESTED_ACTIVE,qualifying_glycosylation_product_detected,connectivity_exact__stereochemistry_unresolved,independent_study_cross_source_common_enzyme_acceptor,True,True,connectivity_match_stereo_unresolved,,comparable_tested,double_positive,Isoflavonoids,other,Genistein,0.9
UGT78D1,XHEFDIBZLJXQHF,True,TESTED_ACTIVE,Fisetin,OC1=CC(OC(C2=CC(O)=C(O)C=C2)=C(O)C3=O)=C3C=C1,Flavonoids,1,FISETIN,Flavonoids,TESTED_ACTIVE,qualifying_glycosylation_product_detected,connectivity_exact__stereochemistry_unresolved,independent_study_cross_source_common_enzyme_acceptor,True,True,connectivity_match_stereo_unresolved,,comparable_tested,double_positive,Flavonoids,other,Fisetin,0.9
UGT78D2,FXNFHKRTJBSTCS,True,TESTED_ACTIVE,Baicalein,O=C1C=C(C2=CC=CC=C2)OC3=C1C(O)=C(C(O)=C3)O,Flavonoids,1,BAICALEIN,Flavonoids,TESTED_ACTIVE,qualifying_glycosylation_product_detected,connectivity_exact__stereochemistry_unresolved,independent_study_cross_source_common_enzyme_acceptor,True,True,connectivity_match_stereo_unresolved,,comparable_tested,double_positive,Flavonoids,other,Baicalein,0.9
UGT78D2,ILEDWLMCKZNDJK,True,TESTED_ACTIVE,"6,7-dihydroxy coumarin (Esculetin)",O=C1C=CC2=C(O1)C=C(O)C(O)=C2,Coumarins,1,ESCULETIN,Coumarins,TESTED_ACTIVE,qualifying_glycosylation_product_detected,connectivity_exact__stereochemistry_unresolved,independent_study_cross_source_common_enzyme_acceptor,True,True,connectivity_match_stereo_unresolved,,comparable_tested,double_positive,Coumarins,Coumarins,Esculetin,0.9
UGT78D2,IXORZMNAPKEEDV,False,TESTED_INACTIVE,Gibberellin A3,C[C@@]12[C@@H](O)C=C[C@]3(OC2=O)[C@]1([H])[C@H](C(O)=O)[C@]4(CC5=C)[C@@]3([H])CC[C@]5(O)C4,Diterpenoids,0,GIBBERELLIC ACID,Diterpenoids,TESTED_INACTIVE,screened_no_qualifying_product_at_threshold,connectivity_exact__stereochemistry_unresolved,independent_study_cross_source_common_enzyme_acceptor,True,True,connectivity_match_stereo_unresolved,,comparable_tested,double_not_detected,Diterpenoids,other,Gibberellin A3,0.9
UGT78D2,IYRMWMYZSQPJKC,True,TESTED_ACTIVE,Kaempferol,OC1=C(C2=CC=C(O)C=C2)OC3=C(C(O)=CC(O)=C3)C1=O,Flavonoids,1,KAEMPFEROL,Flavonoids,TESTED_ACTIVE,qualifying_glycosylation_product_detected,connectivity_exact__stereochemistry_unresolved,independent_study_cross_source_common_enzyme_acceptor,True,True,connectivity_match_stereo_unresolved,,comparable_tested,double_positive,Flavonoids,other,Kaempferol,0.9
UGT78D2,KSEBMYQBYZTDHS,False,TESTED_INACTIVE,4-hydroxy 3-methoxy cinnamic acid,O=C(O)C=CC1=CC=C(O)C(OC)=C1,Phenylpropanoids,0,FERULIC ACID,Phenylpropanoids (C6-C3),TESTED_INACTIVE,screened_no_qualifying_product_at_threshold,connectivity_exact__stereochemistry_unresolved,independent_study_cross_source_common_enzyme_acceptor,True,True,connectivity_match_stereo_unresolved,,comparable_tested,double_not_detected,Phenylpropanoids,HCA,Ferulic acid,0.9
UGT78D2,KZJWDPNRJALLNS,False,TESTED_INACTIVE,β-Sitosterol,CC[C@@H](C(C)C)CC[C@H]([C@H]1CC[C@@H]2[C@]1(C)CC[C@H]3[C@H]2CC=C4[C@]3(C)CC[C@H](O)C4)C,Steroids,0,BETA-SITOSTEROL,Steroids,TESTED_INACTIVE,screened_no_qualifying_product_at_threshold,connectivity_exact__stereochemistry_unresolved,independent_study_cross_source_common_enzyme_acceptor,True,True,connectivity_match_stereo_unresolved,,comparable_tested,double_not_detected,Steroids,other,β-Sitosterol,0.9
UGT78D2,ORHBXUUXSCNDEV,True,TESTED_ACTIVE,Umbelliferone,O=C1C=CC2=C(O1)C=C(O)C=C2,Coumarins,1,UMBELLIFERONE,Coumarins,TESTED_ACTIVE,qualifying_glycosylation_product_detected,connectivity_exact__stereochemistry_unresolved,independent_study_cross_source_common_enzyme_acceptor,True,True,connectivity_match_stereo_unresolved,,comparable_tested,double_positive,Coumarins,Coumarins,Umbelliferone,0.9
UGT78D2,PCMORTLOPMLEFB,True,TESTED_ACTIVE,Sinapic acid,COC1=CC(C=CC(O)=O)=CC(OC)=C1O,Phenylpropanoids,0,SINAPIC ACID,Phenylpropanoids (C6-C3),TESTED_INACTIVE,screened_no_qualifying_product_at_threshold,connectivity_exact__stereochemistry_unresolved,independent_study_cross_source_common_enzyme_acceptor,False,True,connectivity_match_stereo_unresolved,,comparable_tested,y18_only,Phenylpropanoids,HCA,Sinapic acid,0.9
UGT78D2,PFTAWBLQPZVEMU,True,TESTED_ACTIVE,Catechin,OC1C(C2=CC=C(O)C(O)=C2)OC3=C(C(O)=CC(O)=C3)C1,Flavonoids,0,EPICATECHIN,Flavonoids,TESTED_INACTIVE,screened_no_qualifying_product_at_threshold,connectivity_exact__stereochemistry_unresolved,independent_study_cross_source_common_enzyme_acceptor,False,False,identity_conflict_connectivity_collapses_multiple_M25_stereoisomer_names,same_connectivity_multiple_M25_stereoisomer_names,not_comparable_not_tested_or_identity_conflict,y18_only,Flavonoids,other,Catechin,0.9
UGT78D2,PQEYTAGBXNEUQL,False,TESTED_INACTIVE,Dihydrojasmonic acid,O=C1CC[C@@H]([C@H]1CCCCC)CC(O)=O,Octadecanoids,0,DIHYDROJASMONIC ACID,Octadecanoids,TESTED_INACTIVE,screened_no_qualifying_product_at_threshold,connectivity_exact__stereochemistry_unresolved,independent_study_cross_source_common_enzyme_acceptor,True,True,connectivity_match_stereo_unresolved,,comparable_tested,double_not_detected,Octadecanoids,other,Dihydrojasmonic acid,0.9
UGT78D2,QAIPRVGONGVQAS,True,TESTED_ACTIVE,"3,4-dihyroxy cinnamic acid",O=C(O)C=CC1=CC=C(O)C(O)=C1,Phenylpropanoids,0,CAFFEIC ACID,Phenylpropanoids (C6-C3),TESTED_INACTIVE,screened_no_qualifying_product_at_threshold,connectivity_exact__stereochemistry_unresolved,independent_study_cross_source_common_enzyme_acceptor,False,True,connectivity_match_stereo_unresolved,,comparable_tested,y18_only,Phenylpropanoids,HCA,Caffeic acid,0.9
UGT78D2,QANMHLXAZMSUEX,False,TESTED_INACTIVE,Kinetin,C1(CNC2=NC=NC3=C2NC=N3)=CC=CO1,Pseudoalkaloids,0,KINETIN,Pseudoalkaloids,TESTED_INACTIVE,screened_no_qualifying_product_at_threshold,connectivity_exact__stereochemistry_unresolved,independent_study_cross_source_common_enzyme_acceptor,True,True,connectivity_match_stereo_unresolved,,comparable_tested,double_not_detected,Pseudoalkaloids,other,Kinetin,0.9
UGT78D2,REFJWTPEDVJJIY,True,TESTED_ACTIVE,Quercetin,OC1=C(C2=CC=C(O)C(O)=C2)OC3=C(C(O)=CC(O)=C3)C1=O,Flavonoids,1,QUERCETIN,Flavonoids,TESTED_ACTIVE,qualifying_glycosylation_product_detected,connectivity_exact__stereochemistry_unresolved,independent_study_cross_source_common_enzyme_acceptor,True,True,connectivity_match_stereo_unresolved,,comparable_tested,double_positive,Flavonoids,other,Quercetin,0.9
UGT78D2,RODXRVNMMDRFIK,True,TESTED_ACTIVE,7-hydroxy 6-methoxy coumarin (Scopoletin),O=C1OC2=C(C=C(C(O)=C2)OC)C=C1,Coumarins,1,SCOPOLETIN,Coumarins,TESTED_ACTIVE,qualifying_glycosylation_product_detected,connectivity_exact__stereochemistry_unresolved,independent_study_cross_source_common_enzyme_acceptor,True,True,connectivity_match_stereo_unresolved,,comparable_tested,double_positive,Coumarins,Coumarins,Scopoletin,0.9
UGT78D2,TZBJGXHYKVUXJN,False,TESTED_INACTIVE,Genistein,O=C1C(C2=CC=C(O)C=C2)=COC3=C1C(O)=CC(O)=C3,Isoflavonoids,1,GENISTEIN,Isoflavonoids,TESTED_ACTIVE,qualifying_glycosylation_product_detected,connectivity_exact__stereochemistry_unresolved,independent_study_cross_source_common_enzyme_acceptor,False,True,connectivity_match_stereo_unresolved,,comparable_tested,m25_only,Isoflavonoids,other,Genistein,0.9
UGT78D2,XHEFDIBZLJXQHF,True,TESTED_ACTIVE,Fisetin,OC1=CC(OC(C2=CC(O)=C(O)C=C2)=C(O)C3=O)=C3C=C1,Flavonoids,0,FISETIN,Flavonoids,TESTED_INACTIVE,screened_no_qualifying_product_at_threshold,connectivity_exact__stereochemistry_unresolved,independent_study_cross_source_common_enzyme_acceptor,False,True,connectivity_match_stereo_unresolved,,comparable_tested,y18_only,Flavonoids,other,Fisetin,0.9
UGT84A1,FXNFHKRTJBSTCS,True,TESTED_ACTIVE,Baicalein,O=C1C=C(C2=CC=CC=C2)OC3=C1C(O)=C(C(O)=C3)O,Flavonoids,0,BAICALEIN,Flavonoids,TESTED_INACTIVE,screened_no_qualifying_product_at_threshold,connectivity_exact__stereochemistry_unresolved,independent_study_cross_source_common_enzyme_acceptor,False,True,connectivity_match_stereo_unresolved,,comparable_tested,y18_only,Flavonoids,other,Baicalein,0.9
UGT84A1,ILEDWLMCKZNDJK,True,TESTED_ACTIVE,"6,7-dihydroxy coumarin (Esculetin)",O=C1C=CC2=C(O1)C=C(O)C(O)=C2,Coumarins,0,ESCULETIN,Coumarins,TESTED_INACTIVE,screened_no_qualifying_product_at_threshold,connectivity_exact__stereochemistry_unresolved,independent_study_cross_source_common_enzyme_acceptor,False,True,connectivity_match_stereo_unresolved,,comparable_tested,y18_only,Coumarins,Coumarins,Esculetin,0.9
UGT84A1,IXORZMNAPKEEDV,False,TESTED_INACTIVE,Gibberellin A3,C[C@@]12[C@@H](O)C=C[C@]3(OC2=O)[C@]1([H])[C@H](C(O)=O)[C@]4(CC5=C)[C@@]3([H])CC[C@]5(O)C4,Diterpenoids,0,GIBBERELLIC ACID,Diterpenoids,TESTED_INACTIVE,screened_no_qualifying_product_at_threshold,connectivity_exact__stereochemistry_unresolved,independent_study_cross_source_common_enzyme_acceptor,True,True,connectivity_match_stereo_unresolved,,comparable_tested,double_not_detected,Diterpenoids,other,Gibberellin A3,0.9
UGT84A1,IYRMWMYZSQPJKC,True,TESTED_ACTIVE,Kaempferol,OC1=C(C2=CC=C(O)C=C2)OC3=C(C(O)=CC(O)=C3)C1=O,Flavonoids,1,KAEMPFEROL,Flavonoids,TESTED_ACTIVE,qualifying_glycosylation_product_detected,connectivity_exact__stereochemistry_unresolved,independent_study_cross_source_common_enzyme_acceptor,True,True,connectivity_match_stereo_unresolved,,comparable_tested,double_positive,Flavonoids,other,Kaempferol,0.9
UGT84A1,KSEBMYQBYZTDHS,True,TESTED_ACTIVE,4-hydroxy 3-methoxy cinnamic acid,O=C(O)C=CC1=CC=C(O)C(OC)=C1,Phenylpropanoids,0,FERULIC ACID,Phenylpropanoids (C6-C3),TESTED_INACTIVE,screened_no_qualifying_product_at_threshold,connectivity_exact__stereochemistry_unresolved,independent_study_cross_source_common_enzyme_acceptor,False,True,connectivity_match_stereo_unresolved,,comparable_tested,y18_only,Phenylpropanoids,HCA,Ferulic acid,0.9
UGT84A1,KZJWDPNRJALLNS,False,NOT_TESTED,β-Sitosterol,CC[C@@H](C(C)C)CC[C@H]([C@H]1CC[C@@H]2[C@]1(C)CC[C@H]3[C@H]2CC=C4[C@]3(C)CC[C@H](O)C4)C,Steroids,0,BETA-SITOSTEROL,Steroids,TESTED_INACTIVE,screened_no_qualifying_product_at_threshold,connectivity_exact__stereochemistry_unresolved,independent_study_cross_source_common_enzyme_acceptor,True,True,connectivity_match_stereo_unresolved,,not_comparable_not_tested_or_identity_conflict,not_comparable,Steroids,other,β-Sitosterol,0.9
UGT84A1,ORHBXUUXSCNDEV,True,TESTED_ACTIVE,Umbelliferone,O=C1C=CC2=C(O1)C=C(O)C=C2,Coumarins,0,UMBELLIFERONE,Coumarins,TESTED_INACTIVE,screened_no_qualifying_product_at_threshold,connectivity_exact__stereochemistry_unresolved,independent_study_cross_source_common_enzyme_acceptor,False,True,connectivity_match_stereo_unresolved,,comparable_tested,y18_only,Coumarins,Coumarins,Umbelliferone,0.9
UGT84A1,PCMORTLOPMLEFB,True,TESTED_ACTIVE,Sinapic acid,COC1=CC(C=CC(O)=O)=CC(OC)=C1O,Phenylpropanoids,0,SINAPIC ACID,Phenylpropanoids (C6-C3),TESTED_INACTIVE,screened_no_qualifying_product_at_threshold,connectivity_exact__stereochemistry_unresolved,independent_study_cross_source_common_enzyme_acceptor,False,True,connectivity_match_stereo_unresolved,,comparable_tested,y18_only,Phenylpropanoids,HCA,Sinapic acid,0.9
UGT84A1,PFTAWBLQPZVEMU,True,TESTED_ACTIVE,Catechin,OC1C(C2=CC=C(O)C(O)=C2)OC3=C(C(O)=CC(O)=C3)C1,Flavonoids,0,EPICATECHIN,Flavonoids,TESTED_INACTIVE,screened_no_qualifying_product_at_threshold,connectivity_exact__stereochemistry_unresolved,independent_study_cross_source_common_enzyme_acceptor,False,False,identity_conflict_connectivity_collapses_multiple_M25_stereoisomer_names,same_connectivity_multiple_M25_stereoisomer_names,not_comparable_not_tested_or_identity_conflict,y18_only,Flavonoids,other,Catechin,0.9
UGT84A1,PQEYTAGBXNEUQL,True,TESTED_ACTIVE,Dihydrojasmonic acid,O=C1CC[C@@H]([C@H]1CCCCC)CC(O)=O,Octadecanoids,0,DIHYDROJASMONIC ACID,Octadecanoids,TESTED_INACTIVE,screened_no_qualifying_product_at_threshold,connectivity_exact__stereochemistry_unresolved,independent_study_cross_source_common_enzyme_acceptor,False,True,connectivity_match_stereo_unresolved,,comparable_tested,y18_only,Octadecanoids,other,Dihydrojasmonic acid,0.9
UGT84A1,QAIPRVGONGVQAS,True,TESTED_ACTIVE,"3,4-dihyroxy cinnamic acid",O=C(O)C=CC1=CC=C(O)C(O)=C1,Phenylpropanoids,0,CAFFEIC ACID,Phenylpropanoids (C6-C3),TESTED_INACTIVE,screened_no_qualifying_product_at_threshold,connectivity_exact__stereochemistry_unresolved,independent_study_cross_source_common_enzyme_acceptor,False,True,connectivity_match_stereo_unresolved,,comparable_tested,y18_only,Phenylpropanoids,HCA,Caffeic acid,0.9
UGT84A1,QANMHLXAZMSUEX,False,TESTED_INACTIVE,Kinetin,C1(CNC2=NC=NC3=C2NC=N3)=CC=CO1,Pseudoalkaloids,0,KINETIN,Pseudoalkaloids,TESTED_INACTIVE,screened_no_qualifying_product_at_threshold,connectivity_exact__stereochemistry_unresolved,independent_study_cross_source_common_enzyme_acceptor,True,True,connectivity_match_stereo_unresolved,,comparable_tested,double_not_detected,Pseudoalkaloids,other,Kinetin,0.9
UGT84A1,REFJWTPEDVJJIY,True,TESTED_ACTIVE,Quercetin,OC1=C(C2=CC=C(O)C(O)=C2)OC3=C(C(O)=CC(O)=C3)C1=O,Flavonoids,0,QUERCETIN,Flavonoids,TESTED_INACTIVE,screened_no_qualifying_product_at_threshold,connectivity_exact__stereochemistry_unresolved,independent_study_cross_source_common_enzyme_acceptor,False,True,connectivity_match_stereo_unresolved,,comparable_tested,y18_only,Flavonoids,other,Quercetin,0.9
UGT84A1,RODXRVNMMDRFIK,True,TESTED_ACTIVE,7-hydroxy 6-methoxy coumarin (Scopoletin),O=C1OC2=C(C=C(C(O)=C2)OC)C=C1,Coumarins,0,SCOPOLETIN,Coumarins,TESTED_INACTIVE,screened_no_qualifying_product_at_threshold,connectivity_exact__stereochemistry_unresolved,independent_study_cross_source_common_enzyme_acceptor,False,True,connectivity_match_stereo_unresolved,,comparable_tested,y18_only,Coumarins,Coumarins,Scopoletin,0.9
UGT84A1,TZBJGXHYKVUXJN,True,TESTED_ACTIVE,Genistein,O=C1C(C2=CC=C(O)C=C2)=COC3=C1C(O)=CC(O)=C3,Isoflavonoids,1,GENISTEIN,Isoflavonoids,TESTED_ACTIVE,qualifying_glycosylation_product_detected,connectivity_exact__stereochemistry_unresolved,independent_study_cross_source_common_enzyme_acceptor,True,True,connectivity_match_stereo_unresolved,,comparable_tested,double_positive,Isoflavonoids,other,Genistein,0.9
UGT84A1,XHEFDIBZLJXQHF,True,TESTED_ACTIVE,Fisetin,OC1=CC(OC(C2=CC(O)=C(O)C=C2)=C(O)C3=O)=C3C=C1,Flavonoids,0,FISETIN,Flavonoids,TESTED_INACTIVE,screened_no_qualifying_product_at_threshold,connectivity_exact__stereochemistry_unresolved,independent_study_cross_source_common_enzyme_acceptor,False,True,connectivity_match_stereo_unresolved,,comparable_tested,y18_only,Flavonoids,other,Fisetin,0.9
UGT84A2,FXNFHKRTJBSTCS,True,TESTED_ACTIVE,Baicalein,O=C1C=C(C2=CC=CC=C2)OC3=C1C(O)=C(C(O)=C3)O,Flavonoids,0,BAICALEIN,Flavonoids,TESTED_INACTIVE,screened_no_qualifying_product_at_threshold,connectivity_exact__stereochemistry_unresolved,independent_study_cross_source_common_enzyme_acceptor,False,True,connectivity_match_stereo_unresolved,,comparable_tested,y18_only,Flavonoids,other,Baicalein,0.9
UGT84A2,ILEDWLMCKZNDJK,True,TESTED_ACTIVE,"6,7-dihydroxy coumarin (Esculetin)",O=C1C=CC2=C(O1)C=C(O)C(O)=C2,Coumarins,1,ESCULETIN,Coumarins,TESTED_ACTIVE,qualifying_glycosylation_product_detected,connectivity_exact__stereochemistry_unresolved,independent_study_cross_source_common_enzyme_acceptor,True,True,connectivity_match_stereo_unresolved,,comparable_tested,double_positive,Coumarins,Coumarins,Esculetin,0.9
UGT84A2,IXORZMNAPKEEDV,False,TESTED_INACTIVE,Gibberellin A3,C[C@@]12[C@@H](O)C=C[C@]3(OC2=O)[C@]1([H])[C@H](C(O)=O)[C@]4(CC5=C)[C@@]3([H])CC[C@]5(O)C4,Diterpenoids,0,GIBBERELLIC ACID,Diterpenoids,TESTED_INACTIVE,screened_no_qualifying_product_at_threshold,connectivity_exact__stereochemistry_unresolved,independent_study_cross_source_common_enzyme_acceptor,True,True,connectivity_match_stereo_unresolved,,comparable_tested,double_not_detected,Diterpenoids,other,Gibberellin A3,0.9
UGT84A2,IYRMWMYZSQPJKC,True,TESTED_ACTIVE,Kaempferol,OC1=C(C2=CC=C(O)C=C2)OC3=C(C(O)=CC(O)=C3)C1=O,Flavonoids,0,KAEMPFEROL,Flavonoids,TESTED_INACTIVE,screened_no_qualifying_product_at_threshold,connectivity_exact__stereochemistry_unresolved,independent_study_cross_source_common_enzyme_acceptor,False,True,connectivity_match_stereo_unresolved,,comparable_tested,y18_only,Flavonoids,other,Kaempferol,0.9
UGT84A2,KSEBMYQBYZTDHS,True,TESTED_ACTIVE,4-hydroxy 3-methoxy cinnamic acid,O=C(O)C=CC1=CC=C(O)C(OC)=C1,Phenylpropanoids,0,FERULIC ACID,Phenylpropanoids (C6-C3),TESTED_INACTIVE,screened_no_qualifying_product_at_threshold,connectivity_exact__stereochemistry_unresolved,independent_study_cross_source_common_enzyme_acceptor,False,True,connectivity_match_stereo_unresolved,,comparable_tested,y18_only,Phenylpropanoids,HCA,Ferulic acid,0.9
UGT84A2,KZJWDPNRJALLNS,False,NOT_TESTED,β-Sitosterol,CC[C@@H](C(C)C)CC[C@H]([C@H]1CC[C@@H]2[C@]1(C)CC[C@H]3[C@H]2CC=C4[C@]3(C)CC[C@H](O)C4)C,Steroids,0,BETA-SITOSTEROL,Steroids,TESTED_INACTIVE,screened_no_qualifying_product_at_threshold,connectivity_exact__stereochemistry_unresolved,independent_study_cross_source_common_enzyme_acceptor,True,True,connectivity_match_stereo_unresolved,,not_comparable_not_tested_or_identity_conflict,not_comparable,Steroids,other,β-Sitosterol,0.9
UGT84A2,ORHBXUUXSCNDEV,True,TESTED_ACTIVE,Umbelliferone,O=C1C=CC2=C(O1)C=C(O)C=C2,Coumarins,1,UMBELLIFERONE,Coumarins,TESTED_ACTIVE,qualifying_glycosylation_product_detected,connectivity_exact__stereochemistry_unresolved,independent_study_cross_source_common_enzyme_acceptor,True,True,connectivity_match_stereo_unresolved,,comparable_tested,double_positive,Coumarins,Coumarins,Umbelliferone,0.9
UGT84A2,PCMORTLOPMLEFB,True,TESTED_ACTIVE,Sinapic acid,COC1=CC(C=CC(O)=O)=CC(OC)=C1O,Phenylpropanoids,0,SINAPIC ACID,Phenylpropanoids (C6-C3),TESTED_INACTIVE,screened_no_qualifying_product_at_threshold,connectivity_exact__stereochemistry_unresolved,independent_study_cross_source_common_enzyme_acceptor,False,True,connectivity_match_stereo_unresolved,,comparable_tested,y18_only,Phenylpropanoids,HCA,Sinapic acid,0.9
UGT84A2,PFTAWBLQPZVEMU,True,TESTED_ACTIVE,Catechin,OC1C(C2=CC=C(O)C(O)=C2)OC3=C(C(O)=CC(O)=C3)C1,Flavonoids,1,EPICATECHIN,Flavonoids,TESTED_ACTIVE,qualifying_glycosylation_product_detected,connectivity_exact__stereochemistry_unresolved,independent_study_cross_source_common_enzyme_acceptor,True,False,identity_conflict_connectivity_collapses_multiple_M25_stereoisomer_names,same_connectivity_multiple_M25_stereoisomer_names,not_comparable_not_tested_or_identity_conflict,double_positive,Flavonoids,other,Catechin,0.9
UGT84A2,PQEYTAGBXNEUQL,True,TESTED_ACTIVE,Dihydrojasmonic acid,O=C1CC[C@@H]([C@H]1CCCCC)CC(O)=O,Octadecanoids,0,DIHYDROJASMONIC ACID,Octadecanoids,TESTED_INACTIVE,screened_no_qualifying_product_at_threshold,connectivity_exact__stereochemistry_unresolved,independent_study_cross_source_common_enzyme_acceptor,False,True,connectivity_match_stereo_unresolved,,comparable_tested,y18_only,Octadecanoids,other,Dihydrojasmonic acid,0.9
UGT84A2,QAIPRVGONGVQAS,True,TESTED_ACTIVE,"3,4-dihyroxy cinnamic acid",O=C(O)C=CC1=CC=C(O)C(O)=C1,Phenylpropanoids,0,CAFFEIC ACID,Phenylpropanoids (C6-C3),TESTED_INACTIVE,screened_no_qualifying_product_at_threshold,connectivity_exact__stereochemistry_unresolved,independent_study_cross_source_common_enzyme_acceptor,False,True,connectivity_match_stereo_unresolved,,comparable_tested,y18_only,Phenylpropanoids,HCA,Caffeic acid,0.9
UGT84A2,QANMHLXAZMSUEX,False,TESTED_INACTIVE,Kinetin,C1(CNC2=NC=NC3=C2NC=N3)=CC=CO1,Pseudoalkaloids,0,KINETIN,Pseudoalkaloids,TESTED_INACTIVE,screened_no_qualifying_product_at_threshold,connectivity_exact__stereochemistry_unresolved,independent_study_cross_source_common_enzyme_acceptor,True,True,connectivity_match_stereo_unresolved,,comparable_tested,double_not_detected,Pseudoalkaloids,other,Kinetin,0.9
UGT84A2,REFJWTPEDVJJIY,True,TESTED_ACTIVE,Quercetin,OC1=C(C2=CC=C(O)C(O)=C2)OC3=C(C(O)=CC(O)=C3)C1=O,Flavonoids,0,QUERCETIN,Flavonoids,TESTED_INACTIVE,screened_no_qualifying_product_at_threshold,connectivity_exact__stereochemistry_unresolved,independent_study_cross_source_common_enzyme_acceptor,False,True,connectivity_match_stereo_unresolved,,comparable_tested,y18_only,Flavonoids,other,Quercetin,0.9
UGT84A2,RODXRVNMMDRFIK,True,TESTED_ACTIVE,7-hydroxy 6-methoxy coumarin (Scopoletin),O=C1OC2=C(C=C(C(O)=C2)OC)C=C1,Coumarins,0,SCOPOLETIN,Coumarins,TESTED_INACTIVE,screened_no_qualifying_product_at_threshold,connectivity_exact__stereochemistry_unresolved,independent_study_cross_source_common_enzyme_acceptor,False,True,connectivity_match_stereo_unresolved,,comparable_tested,y18_only,Coumarins,Coumarins,Scopoletin,0.9
UGT84A2,TZBJGXHYKVUXJN,True,TESTED_ACTIVE,Genistein,O=C1C(C2=CC=C(O)C=C2)=COC3=C1C(O)=CC(O)=C3,Isoflavonoids,1,GENISTEIN,Isoflavonoids,TESTED_ACTIVE,qualifying_glycosylation_product_detected,connectivity_exact__stereochemistry_unresolved,independent_study_cross_source_common_enzyme_acceptor,True,True,connectivity_match_stereo_unresolved,,comparable_tested,double_positive,Isoflavonoids,other,Genistein,0.9
UGT84A2,XHEFDIBZLJXQHF,True,TESTED_ACTIVE,Fisetin,OC1=CC(OC(C2=CC(O)=C(O)C=C2)=C(O)C3=O)=C3C=C1,Flavonoids,0,FISETIN,Flavonoids,TESTED_INACTIVE,screened_no_qualifying_product_at_threshold,connectivity_exact__stereochemistry_unresolved,independent_study_cross_source_common_enzyme_acceptor,False,True,connectivity_match_stereo_unresolved,,comparable_tested,y18_only,Flavonoids,other,Fisetin,0.9
UGT84A3,FXNFHKRTJBSTCS,True,TESTED_ACTIVE,Baicalein,O=C1C=C(C2=CC=CC=C2)OC3=C1C(O)=C(C(O)=C3)O,Flavonoids,0,BAICALEIN,Flavonoids,TESTED_INACTIVE,screened_no_qualifying_product_at_threshold,connectivity_exact__stereochemistry_unresolved,independent_study_cross_source_common_enzyme_acceptor,False,True,connectivity_match_stereo_unresolved,,comparable_tested,y18_only,Flavonoids,other,Baicalein,0.9
UGT84A3,ILEDWLMCKZNDJK,True,TESTED_ACTIVE,"6,7-dihydroxy coumarin (Esculetin)",O=C1C=CC2=C(O1)C=C(O)C(O)=C2,Coumarins,1,ESCULETIN,Coumarins,TESTED_ACTIVE,qualifying_glycosylation_product_detected,connectivity_exact__stereochemistry_unresolved,independent_study_cross_source_common_enzyme_acceptor,True,True,connectivity_match_stereo_unresolved,,comparable_tested,double_positive,Coumarins,Coumarins,Esculetin,0.9
UGT84A3,IXORZMNAPKEEDV,False,TESTED_INACTIVE,Gibberellin A3,C[C@@]12[C@@H](O)C=C[C@]3(OC2=O)[C@]1([H])[C@H](C(O)=O)[C@]4(CC5=C)[C@@]3([H])CC[C@]5(O)C4,Diterpenoids,0,GIBBERELLIC ACID,Diterpenoids,TESTED_INACTIVE,screened_no_qualifying_product_at_threshold,connectivity_exact__stereochemistry_unresolved,independent_study_cross_source_common_enzyme_acceptor,True,True,connectivity_match_stereo_unresolved,,comparable_tested,double_not_detected,Diterpenoids,other,Gibberellin A3,0.9
UGT84A3,IYRMWMYZSQPJKC,True,TESTED_ACTIVE,Kaempferol,OC1=C(C2=CC=C(O)C=C2)OC3=C(C(O)=CC(O)=C3)C1=O,Flavonoids,0,KAEMPFEROL,Flavonoids,TESTED_INACTIVE,screened_no_qualifying_product_at_threshold,connectivity_exact__stereochemistry_unresolved,independent_study_cross_source_common_enzyme_acceptor,False,True,connectivity_match_stereo_unresolved,,comparable_tested,y18_only,Flavonoids,other,Kaempferol,0.9
UGT84A3,KSEBMYQBYZTDHS,True,TESTED_ACTIVE,4-hydroxy 3-methoxy cinnamic acid,O=C(O)C=CC1=CC=C(O)C(OC)=C1,Phenylpropanoids,0,FERULIC ACID,Phenylpropanoids (C6-C3),TESTED_INACTIVE,screened_no_qualifying_product_at_threshold,connectivity_exact__stereochemistry_unresolved,independent_study_cross_source_common_enzyme_acceptor,False,True,connectivity_match_stereo_unresolved,,comparable_tested,y18_only,Phenylpropanoids,HCA,Ferulic acid,0.9
UGT84A3,KZJWDPNRJALLNS,False,TESTED_INACTIVE,β-Sitosterol,CC[C@@H](C(C)C)CC[C@H]([C@H]1CC[C@@H]2[C@]1(C)CC[C@H]3[C@H]2CC=C4[C@]3(C)CC[C@H](O)C4)C,Steroids,0,BETA-SITOSTEROL,Steroids,TESTED_INACTIVE,screened_no_qualifying_product_at_threshold,connectivity_exact__stereochemistry_unresolved,independent_study_cross_source_common_enzyme_acceptor,True,True,connectivity_match_stereo_unresolved,,comparable_tested,double_not_detected,Steroids,other,β-Sitosterol,0.9
UGT84A3,ORHBXUUXSCNDEV,True,TESTED_ACTIVE,Umbelliferone,O=C1C=CC2=C(O1)C=C(O)C=C2,Coumarins,1,UMBELLIFERONE,Coumarins,TESTED_ACTIVE,qualifying_glycosylation_product_detected,connectivity_exact__stereochemistry_unresolved,independent_study_cross_source_common_enzyme_acceptor,True,True,connectivity_match_stereo_unresolved,,comparable_tested,double_positive,Coumarins,Coumarins,Umbelliferone,0.9
UGT84A3,PCMORTLOPMLEFB,True,TESTED_ACTIVE,Sinapic acid,COC1=CC(C=CC(O)=O)=CC(OC)=C1O,Phenylpropanoids,0,SINAPIC ACID,Phenylpropanoids (C6-C3),TESTED_INACTIVE,screened_no_qualifying_product_at_threshold,connectivity_exact__stereochemistry_unresolved,independent_study_cross_source_common_enzyme_acceptor,False,True,connectivity_match_stereo_unresolved,,comparable_tested,y18_only,Phenylpropanoids,HCA,Sinapic acid,0.9
UGT84A3,PFTAWBLQPZVEMU,False,TESTED_INACTIVE,Catechin,OC1C(C2=CC=C(O)C(O)=C2)OC3=C(C(O)=CC(O)=C3)C1,Flavonoids,0,EPICATECHIN,Flavonoids,TESTED_INACTIVE,screened_no_qualifying_product_at_threshold,connectivity_exact__stereochemistry_unresolved,independent_study_cross_source_common_enzyme_acceptor,True,False,identity_conflict_connectivity_collapses_multiple_M25_stereoisomer_names,same_connectivity_multiple_M25_stereoisomer_names,not_comparable_not_tested_or_identity_conflict,double_not_detected,Flavonoids,other,Catechin,0.9
UGT84A3,PQEYTAGBXNEUQL,False,TESTED_INACTIVE,Dihydrojasmonic acid,O=C1CC[C@@H]([C@H]1CCCCC)CC(O)=O,Octadecanoids,0,DIHYDROJASMONIC ACID,Octadecanoids,TESTED_INACTIVE,screened_no_qualifying_product_at_threshold,connectivity_exact__stereochemistry_unresolved,independent_study_cross_source_common_enzyme_acceptor,True,True,connectivity_match_stereo_unresolved,,comparable_tested,double_not_detected,Octadecanoids,other,Dihydrojasmonic acid,0.9
UGT84A3,QAIPRVGONGVQAS,True,TESTED_ACTIVE,"3,4-dihyroxy cinnamic acid",O=C(O)C=CC1=CC=C(O)C(O)=C1,Phenylpropanoids,0,CAFFEIC ACID,Phenylpropanoids (C6-C3),TESTED_INACTIVE,screened_no_qualifying_product_at_threshold,connectivity_exact__stereochemistry_unresolved,independent_study_cross_source_common_enzyme_acceptor,False,True,connectivity_match_stereo_unresolved,,comparable_tested,y18_only,Phenylpropanoids,HCA,Caffeic acid,0.9
UGT84A3,QANMHLXAZMSUEX,False,TESTED_INACTIVE,Kinetin,C1(CNC2=NC=NC3=C2NC=N3)=CC=CO1,Pseudoalkaloids,0,KINETIN,Pseudoalkaloids,TESTED_INACTIVE,screened_no_qualifying_product_at_threshold,connectivity_exact__stereochemistry_unresolved,independent_study_cross_source_common_enzyme_acceptor,True,True,connectivity_match_stereo_unresolved,,comparable_tested,double_not_detected,Pseudoalkaloids,other,Kinetin,0.9
UGT84A3,REFJWTPEDVJJIY,True,TESTED_ACTIVE,Quercetin,OC1=C(C2=CC=C(O)C(O)=C2)OC3=C(C(O)=CC(O)=C3)C1=O,Flavonoids,0,QUERCETIN,Flavonoids,TESTED_INACTIVE,screened_no_qualifying_product_at_threshold,connectivity_exact__stereochemistry_unresolved,independent_study_cross_source_common_enzyme_acceptor,False,True,connectivity_match_stereo_unresolved,,comparable_tested,y18_only,Flavonoids,other,Quercetin,0.9
UGT84A3,RODXRVNMMDRFIK,True,TESTED_ACTIVE,7-hydroxy 6-methoxy coumarin (Scopoletin),O=C1OC2=C(C=C(C(O)=C2)OC)C=C1,Coumarins,1,SCOPOLETIN,Coumarins,TESTED_ACTIVE,qualifying_glycosylation_product_detected,connectivity_exact__stereochemistry_unresolved,independent_study_cross_source_common_enzyme_acceptor,True,True,connectivity_match_stereo_unresolved,,comparable_tested,double_positive,Coumarins,Coumarins,Scopoletin,0.9
UGT84A3,TZBJGXHYKVUXJN,True,TESTED_ACTIVE,Genistein,O=C1C(C2=CC=C(O)C=C2)=COC3=C1C(O)=CC(O)=C3,Isoflavonoids,1,GENISTEIN,Isoflavonoids,TESTED_ACTIVE,qualifying_glycosylation_product_detected,connectivity_exact__stereochemistry_unresolved,independent_study_cross_source_common_enzyme_acceptor,True,True,connectivity_match_stereo_unresolved,,comparable_tested,double_positive,Isoflavonoids,other,Genistein,0.9
UGT84A3,XHEFDIBZLJXQHF,True,TESTED_ACTIVE,Fisetin,OC1=CC(OC(C2=CC(O)=C(O)C=C2)=C(O)C3=O)=C3C=C1,Flavonoids,0,FISETIN,Flavonoids,TESTED_INACTIVE,screened_no_qualifying_product_at_threshold,connectivity_exact__stereochemistry_unresolved,independent_study_cross_source_common_enzyme_acceptor,False,True,connectivity_match_stereo_unresolved,,comparable_tested,y18_only,Flavonoids,other,Fisetin,0.9
UGT84A4,FXNFHKRTJBSTCS,True,TESTED_ACTIVE,Baicalein,O=C1C=C(C2=CC=CC=C2)OC3=C1C(O)=C(C(O)=C3)O,Flavonoids,1,BAICALEIN,Flavonoids,TESTED_ACTIVE,qualifying_glycosylation_product_detected,connectivity_exact__stereochemistry_unresolved,independent_study_cross_source_common_enzyme_acceptor,True,True,connectivity_match_stereo_unresolved,,comparable_tested,double_positive,Flavonoids,other,Baicalein,0.9
UGT84A4,ILEDWLMCKZNDJK,True,TESTED_ACTIVE,"6,7-dihydroxy coumarin (Esculetin)",O=C1C=CC2=C(O1)C=C(O)C(O)=C2,Coumarins,0,ESCULETIN,Coumarins,TESTED_INACTIVE,screened_no_qualifying_product_at_threshold,connectivity_exact__stereochemistry_unresolved,independent_study_cross_source_common_enzyme_acceptor,False,True,connectivity_match_stereo_unresolved,,comparable_tested,y18_only,Coumarins,Coumarins,Esculetin,0.9
UGT84A4,IXORZMNAPKEEDV,False,TESTED_INACTIVE,Gibberellin A3,C[C@@]12[C@@H](O)C=C[C@]3(OC2=O)[C@]1([H])[C@H](C(O)=O)[C@]4(CC5=C)[C@@]3([H])CC[C@]5(O)C4,Diterpenoids,0,GIBBERELLIC ACID,Diterpenoids,TESTED_INACTIVE,screened_no_qualifying_product_at_threshold,connectivity_exact__stereochemistry_unresolved,independent_study_cross_source_common_enzyme_acceptor,True,True,connectivity_match_stereo_unresolved,,comparable_tested,double_not_detected,Diterpenoids,other,Gibberellin A3,0.9
UGT84A4,IYRMWMYZSQPJKC,True,TESTED_ACTIVE,Kaempferol,OC1=C(C2=CC=C(O)C=C2)OC3=C(C(O)=CC(O)=C3)C1=O,Flavonoids,1,KAEMPFEROL,Flavonoids,TESTED_ACTIVE,qualifying_glycosylation_product_detected,connectivity_exact__stereochemistry_unresolved,independent_study_cross_source_common_enzyme_acceptor,True,True,connectivity_match_stereo_unresolved,,comparable_tested,double_positive,Flavonoids,other,Kaempferol,0.9
UGT84A4,KSEBMYQBYZTDHS,True,TESTED_ACTIVE,4-hydroxy 3-methoxy cinnamic acid,O=C(O)C=CC1=CC=C(O)C(OC)=C1,Phenylpropanoids,0,FERULIC ACID,Phenylpropanoids (C6-C3),TESTED_INACTIVE,screened_no_qualifying_product_at_threshold,connectivity_exact__stereochemistry_unresolved,independent_study_cross_source_common_enzyme_acceptor,False,True,connectivity_match_stereo_unresolved,,comparable_tested,y18_only,Phenylpropanoids,HCA,Ferulic acid,0.9
UGT84A4,KZJWDPNRJALLNS,False,NOT_TESTED,β-Sitosterol,CC[C@@H](C(C)C)CC[C@H]([C@H]1CC[C@@H]2[C@]1(C)CC[C@H]3[C@H]2CC=C4[C@]3(C)CC[C@H](O)C4)C,Steroids,0,BETA-SITOSTEROL,Steroids,TESTED_INACTIVE,screened_no_qualifying_product_at_threshold,connectivity_exact__stereochemistry_unresolved,independent_study_cross_source_common_enzyme_acceptor,True,True,connectivity_match_stereo_unresolved,,not_comparable_not_tested_or_identity_conflict,not_comparable,Steroids,other,β-Sitosterol,0.9
UGT84A4,ORHBXUUXSCNDEV,False,TESTED_INACTIVE,Umbelliferone,O=C1C=CC2=C(O1)C=C(O)C=C2,Coumarins,0,UMBELLIFERONE,Coumarins,TESTED_INACTIVE,screened_no_qualifying_product_at_threshold,connectivity_exact__stereochemistry_unresolved,independent_study_cross_source_common_enzyme_acceptor,True,True,connectivity_match_stereo_unresolved,,comparable_tested,double_not_detected,Coumarins,Coumarins,Umbelliferone,0.9
UGT84A4,PCMORTLOPMLEFB,True,TESTED_ACTIVE,Sinapic acid,COC1=CC(C=CC(O)=O)=CC(OC)=C1O,Phenylpropanoids,0,SINAPIC ACID,Phenylpropanoids (C6-C3),TESTED_INACTIVE,screened_no_qualifying_product_at_threshold,connectivity_exact__stereochemistry_unresolved,independent_study_cross_source_common_enzyme_acceptor,False,True,connectivity_match_stereo_unresolved,,comparable_tested,y18_only,Phenylpropanoids,HCA,Sinapic acid,0.9
UGT84A4,PFTAWBLQPZVEMU,False,TESTED_INACTIVE,Catechin,OC1C(C2=CC=C(O)C(O)=C2)OC3=C(C(O)=CC(O)=C3)C1,Flavonoids,0,EPICATECHIN,Flavonoids,TESTED_INACTIVE,screened_no_qualifying_product_at_threshold,connectivity_exact__stereochemistry_unresolved,independent_study_cross_source_common_enzyme_acceptor,True,False,identity_conflict_connectivity_collapses_multiple_M25_stereoisomer_names,same_connectivity_multiple_M25_stereoisomer_names,not_comparable_not_tested_or_identity_conflict,double_not_detected,Flavonoids,other,Catechin,0.9
UGT84A4,PQEYTAGBXNEUQL,False,TESTED_INACTIVE,Dihydrojasmonic acid,O=C1CC[C@@H]([C@H]1CCCCC)CC(O)=O,Octadecanoids,0,DIHYDROJASMONIC ACID,Octadecanoids,TESTED_INACTIVE,screened_no_qualifying_product_at_threshold,connectivity_exact__stereochemistry_unresolved,independent_study_cross_source_common_enzyme_acceptor,True,True,connectivity_match_stereo_unresolved,,comparable_tested,double_not_detected,Octadecanoids,other,Dihydrojasmonic acid,0.9
UGT84A4,QAIPRVGONGVQAS,True,TESTED_ACTIVE,"3,4-dihyroxy cinnamic acid",O=C(O)C=CC1=CC=C(O)C(O)=C1,Phenylpropanoids,0,CAFFEIC ACID,Phenylpropanoids (C6-C3),TESTED_INACTIVE,screened_no_qualifying_product_at_threshold,connectivity_exact__stereochemistry_unresolved,independent_study_cross_source_common_enzyme_acceptor,False,True,connectivity_match_stereo_unresolved,,comparable_tested,y18_only,Phenylpropanoids,HCA,Caffeic acid,0.9
UGT84A4,QANMHLXAZMSUEX,False,TESTED_INACTIVE,Kinetin,C1(CNC2=NC=NC3=C2NC=N3)=CC=CO1,Pseudoalkaloids,0,KINETIN,Pseudoalkaloids,TESTED_INACTIVE,screened_no_qualifying_product_at_threshold,connectivity_exact__stereochemistry_unresolved,independent_study_cross_source_common_enzyme_acceptor,True,True,connectivity_match_stereo_unresolved,,comparable_tested,double_not_detected,Pseudoalkaloids,other,Kinetin,0.9
UGT84A4,REFJWTPEDVJJIY,True,TESTED_ACTIVE,Quercetin,OC1=C(C2=CC=C(O)C(O)=C2)OC3=C(C(O)=CC(O)=C3)C1=O,Flavonoids,1,QUERCETIN,Flavonoids,TESTED_ACTIVE,qualifying_glycosylation_product_detected,connectivity_exact__stereochemistry_unresolved,independent_study_cross_source_common_enzyme_acceptor,True,True,connectivity_match_stereo_unresolved,,comparable_tested,double_positive,Flavonoids,other,Quercetin,0.9
UGT84A4,RODXRVNMMDRFIK,True,TESTED_ACTIVE,7-hydroxy 6-methoxy coumarin (Scopoletin),O=C1OC2=C(C=C(C(O)=C2)OC)C=C1,Coumarins,0,SCOPOLETIN,Coumarins,TESTED_INACTIVE,screened_no_qualifying_product_at_threshold,connectivity_exact__stereochemistry_unresolved,independent_study_cross_source_common_enzyme_acceptor,False,True,connectivity_match_stereo_unresolved,,comparable_tested,y18_only,Coumarins,Coumarins,Scopoletin,0.9
UGT84A4,TZBJGXHYKVUXJN,True,TESTED_ACTIVE,Genistein,O=C1C(C2=CC=C(O)C=C2)=COC3=C1C(O)=CC(O)=C3,Isoflavonoids,1,GENISTEIN,Isoflavonoids,TESTED_ACTIVE,qualifying_glycosylation_product_detected,connectivity_exact__stereochemistry_unresolved,independent_study_cross_source_common_enzyme_acceptor,True,True,connectivity_match_stereo_unresolved,,comparable_tested,double_positive,Isoflavonoids,other,Genistein,0.9
UGT84A4,XHEFDIBZLJXQHF,False,TESTED_INACTIVE,Fisetin,OC1=CC(OC(C2=CC(O)=C(O)C=C2)=C(O)C3=O)=C3C=C1,Flavonoids,0,FISETIN,Flavonoids,TESTED_INACTIVE,screened_no_qualifying_product_at_threshold,connectivity_exact__stereochemistry_unresolved,independent_study_cross_source_common_enzyme_acceptor,True,True,connectivity_match_stereo_unresolved,,comparable_tested,double_not_detected,Flavonoids,other,Fisetin,0.9
UGT84B2,FXNFHKRTJBSTCS,False,TESTED_INACTIVE,Baicalein,O=C1C=C(C2=CC=CC=C2)OC3=C1C(O)=C(C(O)=C3)O,Flavonoids,0,BAICALEIN,Flavonoids,TESTED_INACTIVE,screened_no_qualifying_product_at_threshold,connectivity_exact__stereochemistry_unresolved,independent_study_cross_source_common_enzyme_acceptor,True,True,connectivity_match_stereo_unresolved,,comparable_tested,double_not_detected,Flavonoids,other,Baicalein,0.9
UGT84B2,ILEDWLMCKZNDJK,True,TESTED_ACTIVE,"6,7-dihydroxy coumarin (Esculetin)",O=C1C=CC2=C(O1)C=C(O)C(O)=C2,Coumarins,1,ESCULETIN,Coumarins,TESTED_ACTIVE,qualifying_glycosylation_product_detected,connectivity_exact__stereochemistry_unresolved,independent_study_cross_source_common_enzyme_acceptor,True,True,connectivity_match_stereo_unresolved,,comparable_tested,double_positive,Coumarins,Coumarins,Esculetin,0.9
UGT84B2,IXORZMNAPKEEDV,False,TESTED_INACTIVE,Gibberellin A3,C[C@@]12[C@@H](O)C=C[C@]3(OC2=O)[C@]1([H])[C@H](C(O)=O)[C@]4(CC5=C)[C@@]3([H])CC[C@]5(O)C4,Diterpenoids,0,GIBBERELLIC ACID,Diterpenoids,TESTED_INACTIVE,screened_no_qualifying_product_at_threshold,connectivity_exact__stereochemistry_unresolved,independent_study_cross_source_common_enzyme_acceptor,True,True,connectivity_match_stereo_unresolved,,comparable_tested,double_not_detected,Diterpenoids,other,Gibberellin A3,0.9
UGT84B2,IYRMWMYZSQPJKC,True,TESTED_ACTIVE,Kaempferol,OC1=C(C2=CC=C(O)C=C2)OC3=C(C(O)=CC(O)=C3)C1=O,Flavonoids,0,KAEMPFEROL,Flavonoids,TESTED_INACTIVE,screened_no_qualifying_product_at_threshold,connectivity_exact__stereochemistry_unresolved,independent_study_cross_source_common_enzyme_acceptor,False,True,connectivity_match_stereo_unresolved,,comparable_tested,y18_only,Flavonoids,other,Kaempferol,0.9
UGT84B2,KSEBMYQBYZTDHS,False,TESTED_INACTIVE,4-hydroxy 3-methoxy cinnamic acid,O=C(O)C=CC1=CC=C(O)C(OC)=C1,Phenylpropanoids,0,FERULIC ACID,Phenylpropanoids (C6-C3),TESTED_INACTIVE,screened_no_qualifying_product_at_threshold,connectivity_exact__stereochemistry_unresolved,independent_study_cross_source_common_enzyme_acceptor,True,True,connectivity_match_stereo_unresolved,,comparable_tested,double_not_detected,Phenylpropanoids,HCA,Ferulic acid,0.9
UGT84B2,KZJWDPNRJALLNS,False,TESTED_INACTIVE,β-Sitosterol,CC[C@@H](C(C)C)CC[C@H]([C@H]1CC[C@@H]2[C@]1(C)CC[C@H]3[C@H]2CC=C4[C@]3(C)CC[C@H](O)C4)C,Steroids,0,BETA-SITOSTEROL,Steroids,TESTED_INACTIVE,screened_no_qualifying_product_at_threshold,connectivity_exact__stereochemistry_unresolved,independent_study_cross_source_common_enzyme_acceptor,True,True,connectivity_match_stereo_unresolved,,comparable_tested,double_not_detected,Steroids,other,β-Sitosterol,0.9
UGT84B2,ORHBXUUXSCNDEV,True,TESTED_ACTIVE,Umbelliferone,O=C1C=CC2=C(O1)C=C(O)C=C2,Coumarins,0,UMBELLIFERONE,Coumarins,TESTED_INACTIVE,screened_no_qualifying_product_at_threshold,connectivity_exact__stereochemistry_unresolved,independent_study_cross_source_common_enzyme_acceptor,False,True,connectivity_match_stereo_unresolved,,comparable_tested,y18_only,Coumarins,Coumarins,Umbelliferone,0.9
UGT84B2,PCMORTLOPMLEFB,True,TESTED_ACTIVE,Sinapic acid,COC1=CC(C=CC(O)=O)=CC(OC)=C1O,Phenylpropanoids,0,SINAPIC ACID,Phenylpropanoids (C6-C3),TESTED_INACTIVE,screened_no_qualifying_product_at_threshold,connectivity_exact__stereochemistry_unresolved,independent_study_cross_source_common_enzyme_acceptor,False,True,connectivity_match_stereo_unresolved,,comparable_tested,y18_only,Phenylpropanoids,HCA,Sinapic acid,0.9
UGT84B2,PFTAWBLQPZVEMU,True,TESTED_ACTIVE,Catechin,OC1C(C2=CC=C(O)C(O)=C2)OC3=C(C(O)=CC(O)=C3)C1,Flavonoids,0,EPICATECHIN,Flavonoids,TESTED_INACTIVE,screened_no_qualifying_product_at_threshold,connectivity_exact__stereochemistry_unresolved,independent_study_cross_source_common_enzyme_acceptor,False,False,identity_conflict_connectivity_collapses_multiple_M25_stereoisomer_names,same_connectivity_multiple_M25_stereoisomer_names,not_comparable_not_tested_or_identity_conflict,y18_only,Flavonoids,other,Catechin,0.9
UGT84B2,PQEYTAGBXNEUQL,False,TESTED_INACTIVE,Dihydrojasmonic acid,O=C1CC[C@@H]([C@H]1CCCCC)CC(O)=O,Octadecanoids,0,DIHYDROJASMONIC ACID,Octadecanoids,TESTED_INACTIVE,screened_no_qualifying_product_at_threshold,connectivity_exact__stereochemistry_unresolved,independent_study_cross_source_common_enzyme_acceptor,True,True,connectivity_match_stereo_unresolved,,comparable_tested,double_not_detected,Octadecanoids,other,Dihydrojasmonic acid,0.9
UGT84B2,QAIPRVGONGVQAS,False,TESTED_INACTIVE,"3,4-dihyroxy cinnamic acid",O=C(O)C=CC1=CC=C(O)C(O)=C1,Phenylpropanoids,0,CAFFEIC ACID,Phenylpropanoids (C6-C3),TESTED_INACTIVE,screened_no_qualifying_product_at_threshold,connectivity_exact__stereochemistry_unresolved,independent_study_cross_source_common_enzyme_acceptor,True,True,connectivity_match_stereo_unresolved,,comparable_tested,double_not_detected,Phenylpropanoids,HCA,Caffeic acid,0.9
UGT84B2,QANMHLXAZMSUEX,False,TESTED_INACTIVE,Kinetin,C1(CNC2=NC=NC3=C2NC=N3)=CC=CO1,Pseudoalkaloids,0,KINETIN,Pseudoalkaloids,TESTED_INACTIVE,screened_no_qualifying_product_at_threshold,connectivity_exact__stereochemistry_unresolved,independent_study_cross_source_common_enzyme_acceptor,True,True,connectivity_match_stereo_unresolved,,comparable_tested,double_not_detected,Pseudoalkaloids,other,Kinetin,0.9
UGT84B2,REFJWTPEDVJJIY,False,TESTED_INACTIVE,Quercetin,OC1=C(C2=CC=C(O)C(O)=C2)OC3=C(C(O)=CC(O)=C3)C1=O,Flavonoids,0,QUERCETIN,Flavonoids,TESTED_INACTIVE,screened_no_qualifying_product_at_threshold,connectivity_exact__stereochemistry_unresolved,independent_study_cross_source_common_enzyme_acceptor,True,True,connectivity_match_stereo_unresolved,,comparable_tested,double_not_detected,Flavonoids,other,Quercetin,0.9
UGT84B2,RODXRVNMMDRFIK,True,TESTED_ACTIVE,7-hydroxy 6-methoxy coumarin (Scopoletin),O=C1OC2=C(C=C(C(O)=C2)OC)C=C1,Coumarins,0,SCOPOLETIN,Coumarins,TESTED_INACTIVE,screened_no_qualifying_product_at_threshold,connectivity_exact__stereochemistry_unresolved,independent_study_cross_source_common_enzyme_acceptor,False,True,connectivity_match_stereo_unresolved,,comparable_tested,y18_only,Coumarins,Coumarins,Scopoletin,0.9
UGT84B2,TZBJGXHYKVUXJN,False,TESTED_INACTIVE,Genistein,O=C1C(C2=CC=C(O)C=C2)=COC3=C1C(O)=CC(O)=C3,Isoflavonoids,0,GENISTEIN,Isoflavonoids,TESTED_INACTIVE,screened_no_qualifying_product_at_threshold,connectivity_exact__stereochemistry_unresolved,independent_study_cross_source_common_enzyme_acceptor,True,True,connectivity_match_stereo_unresolved,,comparable_tested,double_not_detected,Isoflavonoids,other,Genistein,0.9
UGT84B2,XHEFDIBZLJXQHF,False,TESTED_INACTIVE,Fisetin,OC1=CC(OC(C2=CC(O)=C(O)C=C2)=C(O)C3=O)=C3C=C1,Flavonoids,0,FISETIN,Flavonoids,TESTED_INACTIVE,screened_no_qualifying_product_at_threshold,connectivity_exact__stereochemistry_unresolved,independent_study_cross_source_common_enzyme_acceptor,True,True,connectivity_match_stereo_unresolved,,comparable_tested,double_not_detected,Flavonoids,other,Fisetin,0.9
UGT85A4,FXNFHKRTJBSTCS,True,TESTED_ACTIVE,Baicalein,O=C1C=C(C2=CC=CC=C2)OC3=C1C(O)=C(C(O)=C3)O,Flavonoids,0,BAICALEIN,Flavonoids,TESTED_INACTIVE,screened_no_qualifying_product_at_threshold,connectivity_exact__stereochemistry_unresolved,independent_study_cross_source_common_enzyme_acceptor,False,True,connectivity_match_stereo_unresolved,,comparable_tested,y18_only,Flavonoids,other,Baicalein,0.9
UGT85A4,ILEDWLMCKZNDJK,False,TESTED_INACTIVE,"6,7-dihydroxy coumarin (Esculetin)",O=C1C=CC2=C(O1)C=C(O)C(O)=C2,Coumarins,1,ESCULETIN,Coumarins,TESTED_ACTIVE,qualifying_glycosylation_product_detected,connectivity_exact__stereochemistry_unresolved,independent_study_cross_source_common_enzyme_acceptor,False,True,connectivity_match_stereo_unresolved,,comparable_tested,m25_only,Coumarins,Coumarins,Esculetin,0.9
UGT85A4,IXORZMNAPKEEDV,False,TESTED_INACTIVE,Gibberellin A3,C[C@@]12[C@@H](O)C=C[C@]3(OC2=O)[C@]1([H])[C@H](C(O)=O)[C@]4(CC5=C)[C@@]3([H])CC[C@]5(O)C4,Diterpenoids,0,GIBBERELLIC ACID,Diterpenoids,TESTED_INACTIVE,screened_no_qualifying_product_at_threshold,connectivity_exact__stereochemistry_unresolved,independent_study_cross_source_common_enzyme_acceptor,True,True,connectivity_match_stereo_unresolved,,comparable_tested,double_not_detected,Diterpenoids,other,Gibberellin A3,0.9
UGT85A4,IYRMWMYZSQPJKC,True,TESTED_ACTIVE,Kaempferol,OC1=C(C2=CC=C(O)C=C2)OC3=C(C(O)=CC(O)=C3)C1=O,Flavonoids,0,KAEMPFEROL,Flavonoids,TESTED_INACTIVE,screened_no_qualifying_product_at_threshold,connectivity_exact__stereochemistry_unresolved,independent_study_cross_source_common_enzyme_acceptor,False,True,connectivity_match_stereo_unresolved,,comparable_tested,y18_only,Flavonoids,other,Kaempferol,0.9
UGT85A4,KSEBMYQBYZTDHS,False,TESTED_INACTIVE,4-hydroxy 3-methoxy cinnamic acid,O=C(O)C=CC1=CC=C(O)C(OC)=C1,Phenylpropanoids,0,FERULIC ACID,Phenylpropanoids (C6-C3),TESTED_INACTIVE,screened_no_qualifying_product_at_threshold,connectivity_exact__stereochemistry_unresolved,independent_study_cross_source_common_enzyme_acceptor,True,True,connectivity_match_stereo_unresolved,,comparable_tested,double_not_detected,Phenylpropanoids,HCA,Ferulic acid,0.9
UGT85A4,KZJWDPNRJALLNS,False,TESTED_INACTIVE,β-Sitosterol,CC[C@@H](C(C)C)CC[C@H]([C@H]1CC[C@@H]2[C@]1(C)CC[C@H]3[C@H]2CC=C4[C@]3(C)CC[C@H](O)C4)C,Steroids,0,BETA-SITOSTEROL,Steroids,TESTED_INACTIVE,screened_no_qualifying_product_at_threshold,connectivity_exact__stereochemistry_unresolved,independent_study_cross_source_common_enzyme_acceptor,True,True,connectivity_match_stereo_unresolved,,comparable_tested,double_not_detected,Steroids,other,β-Sitosterol,0.9
UGT85A4,ORHBXUUXSCNDEV,False,TESTED_INACTIVE,Umbelliferone,O=C1C=CC2=C(O1)C=C(O)C=C2,Coumarins,0,UMBELLIFERONE,Coumarins,TESTED_INACTIVE,screened_no_qualifying_product_at_threshold,connectivity_exact__stereochemistry_unresolved,independent_study_cross_source_common_enzyme_acceptor,True,True,connectivity_match_stereo_unresolved,,comparable_tested,double_not_detected,Coumarins,Coumarins,Umbelliferone,0.9
UGT85A4,PCMORTLOPMLEFB,False,TESTED_INACTIVE,Sinapic acid,COC1=CC(C=CC(O)=O)=CC(OC)=C1O,Phenylpropanoids,0,SINAPIC ACID,Phenylpropanoids (C6-C3),TESTED_INACTIVE,screened_no_qualifying_product_at_threshold,connectivity_exact__stereochemistry_unresolved,independent_study_cross_source_common_enzyme_acceptor,True,True,connectivity_match_stereo_unresolved,,comparable_tested,double_not_detected,Phenylpropanoids,HCA,Sinapic acid,0.9
UGT85A4,PFTAWBLQPZVEMU,False,TESTED_INACTIVE,Catechin,OC1C(C2=CC=C(O)C(O)=C2)OC3=C(C(O)=CC(O)=C3)C1,Flavonoids,1,EPICATECHIN,Flavonoids,TESTED_ACTIVE,qualifying_glycosylation_product_detected,connectivity_exact__stereochemistry_unresolved,independent_study_cross_source_common_enzyme_acceptor,False,False,identity_conflict_connectivity_collapses_multiple_M25_stereoisomer_names,same_connectivity_multiple_M25_stereoisomer_names,not_comparable_not_tested_or_identity_conflict,m25_only,Flavonoids,other,Catechin,0.9
UGT85A4,PQEYTAGBXNEUQL,False,TESTED_INACTIVE,Dihydrojasmonic acid,O=C1CC[C@@H]([C@H]1CCCCC)CC(O)=O,Octadecanoids,0,DIHYDROJASMONIC ACID,Octadecanoids,TESTED_INACTIVE,screened_no_qualifying_product_at_threshold,connectivity_exact__stereochemistry_unresolved,independent_study_cross_source_common_enzyme_acceptor,True,True,connectivity_match_stereo_unresolved,,comparable_tested,double_not_detected,Octadecanoids,other,Dihydrojasmonic acid,0.9
UGT85A4,QAIPRVGONGVQAS,False,TESTED_INACTIVE,"3,4-dihyroxy cinnamic acid",O=C(O)C=CC1=CC=C(O)C(O)=C1,Phenylpropanoids,0,CAFFEIC ACID,Phenylpropanoids (C6-C3),TESTED_INACTIVE,screened_no_qualifying_product_at_threshold,connectivity_exact__stereochemistry_unresolved,independent_study_cross_source_common_enzyme_acceptor,True,True,connectivity_match_stereo_unresolved,,comparable_tested,double_not_detected,Phenylpropanoids,HCA,Caffeic acid,0.9
UGT85A4,QANMHLXAZMSUEX,False,TESTED_INACTIVE,Kinetin,C1(CNC2=NC=NC3=C2NC=N3)=CC=CO1,Pseudoalkaloids,0,KINETIN,Pseudoalkaloids,TESTED_INACTIVE,screened_no_qualifying_product_at_threshold,connectivity_exact__stereochemistry_unresolved,independent_study_cross_source_common_enzyme_acceptor,True,True,connectivity_match_stereo_unresolved,,comparable_tested,double_not_detected,Pseudoalkaloids,other,Kinetin,0.9
UGT85A4,REFJWTPEDVJJIY,False,TESTED_INACTIVE,Quercetin,OC1=C(C2=CC=C(O)C(O)=C2)OC3=C(C(O)=CC(O)=C3)C1=O,Flavonoids,1,QUERCETIN,Flavonoids,TESTED_ACTIVE,qualifying_glycosylation_product_detected,connectivity_exact__stereochemistry_unresolved,independent_study_cross_source_common_enzyme_acceptor,False,True,connectivity_match_stereo_unresolved,,comparable_tested,m25_only,Flavonoids,other,Quercetin,0.9
UGT85A4,RODXRVNMMDRFIK,False,TESTED_INACTIVE,7-hydroxy 6-methoxy coumarin (Scopoletin),O=C1OC2=C(C=C(C(O)=C2)OC)C=C1,Coumarins,1,SCOPOLETIN,Coumarins,TESTED_ACTIVE,qualifying_glycosylation_product_detected,connectivity_exact__stereochemistry_unresolved,independent_study_cross_source_common_enzyme_acceptor,False,True,connectivity_match_stereo_unresolved,,comparable_tested,m25_only,Coumarins,Coumarins,Scopoletin,0.9
UGT85A4,TZBJGXHYKVUXJN,False,TESTED_INACTIVE,Genistein,O=C1C(C2=CC=C(O)C=C2)=COC3=C1C(O)=CC(O)=C3,Isoflavonoids,1,GENISTEIN,Isoflavonoids,TESTED_ACTIVE,qualifying_glycosylation_product_detected,connectivity_exact__stereochemistry_unresolved,independent_study_cross_source_common_enzyme_acceptor,False,True,connectivity_match_stereo_unresolved,,comparable_tested,m25_only,Isoflavonoids,other,Genistein,0.9
UGT85A4,XHEFDIBZLJXQHF,True,TESTED_ACTIVE,Fisetin,OC1=CC(OC(C2=CC(O)=C(O)C=C2)=C(O)C3=O)=C3C=C1,Flavonoids,1,FISETIN,Flavonoids,TESTED_ACTIVE,qualifying_glycosylation_product_detected,connectivity_exact__stereochemistry_unresolved,independent_study_cross_source_common_enzyme_acceptor,True,True,connectivity_match_stereo_unresolved,,comparable_tested,double_positive,Flavonoids,other,Fisetin,0.9
UGT89B1,FXNFHKRTJBSTCS,False,TESTED_INACTIVE,Baicalein,O=C1C=C(C2=CC=CC=C2)OC3=C1C(O)=C(C(O)=C3)O,Flavonoids,0,BAICALEIN,Flavonoids,TESTED_INACTIVE,screened_no_qualifying_product_at_threshold,connectivity_exact__stereochemistry_unresolved,independent_study_cross_source_common_enzyme_acceptor,True,True,connectivity_match_stereo_unresolved,,comparable_tested,double_not_detected,Flavonoids,other,Baicalein,0.9
UGT89B1,ILEDWLMCKZNDJK,True,TESTED_ACTIVE,"6,7-dihydroxy coumarin (Esculetin)",O=C1C=CC2=C(O1)C=C(O)C(O)=C2,Coumarins,0,ESCULETIN,Coumarins,TESTED_INACTIVE,screened_no_qualifying_product_at_threshold,connectivity_exact__stereochemistry_unresolved,independent_study_cross_source_common_enzyme_acceptor,False,True,connectivity_match_stereo_unresolved,,comparable_tested,y18_only,Coumarins,Coumarins,Esculetin,0.9
UGT89B1,IXORZMNAPKEEDV,False,TESTED_INACTIVE,Gibberellin A3,C[C@@]12[C@@H](O)C=C[C@]3(OC2=O)[C@]1([H])[C@H](C(O)=O)[C@]4(CC5=C)[C@@]3([H])CC[C@]5(O)C4,Diterpenoids,0,GIBBERELLIC ACID,Diterpenoids,TESTED_INACTIVE,screened_no_qualifying_product_at_threshold,connectivity_exact__stereochemistry_unresolved,independent_study_cross_source_common_enzyme_acceptor,True,True,connectivity_match_stereo_unresolved,,comparable_tested,double_not_detected,Diterpenoids,other,Gibberellin A3,0.9
UGT89B1,IYRMWMYZSQPJKC,True,TESTED_ACTIVE,Kaempferol,OC1=C(C2=CC=C(O)C=C2)OC3=C(C(O)=CC(O)=C3)C1=O,Flavonoids,0,KAEMPFEROL,Flavonoids,TESTED_INACTIVE,screened_no_qualifying_product_at_threshold,connectivity_exact__stereochemistry_unresolved,independent_study_cross_source_common_enzyme_acceptor,False,True,connectivity_match_stereo_unresolved,,comparable_tested,y18_only,Flavonoids,other,Kaempferol,0.9
UGT89B1,KSEBMYQBYZTDHS,False,TESTED_INACTIVE,4-hydroxy 3-methoxy cinnamic acid,O=C(O)C=CC1=CC=C(O)C(OC)=C1,Phenylpropanoids,0,FERULIC ACID,Phenylpropanoids (C6-C3),TESTED_INACTIVE,screened_no_qualifying_product_at_threshold,connectivity_exact__stereochemistry_unresolved,independent_study_cross_source_common_enzyme_acceptor,True,True,connectivity_match_stereo_unresolved,,comparable_tested,double_not_detected,Phenylpropanoids,HCA,Ferulic acid,0.9
UGT89B1,KZJWDPNRJALLNS,False,TESTED_INACTIVE,β-Sitosterol,CC[C@@H](C(C)C)CC[C@H]([C@H]1CC[C@@H]2[C@]1(C)CC[C@H]3[C@H]2CC=C4[C@]3(C)CC[C@H](O)C4)C,Steroids,0,BETA-SITOSTEROL,Steroids,TESTED_INACTIVE,screened_no_qualifying_product_at_threshold,connectivity_exact__stereochemistry_unresolved,independent_study_cross_source_common_enzyme_acceptor,True,True,connectivity_match_stereo_unresolved,,comparable_tested,double_not_detected,Steroids,other,β-Sitosterol,0.9
UGT89B1,ORHBXUUXSCNDEV,False,TESTED_INACTIVE,Umbelliferone,O=C1C=CC2=C(O1)C=C(O)C=C2,Coumarins,0,UMBELLIFERONE,Coumarins,TESTED_INACTIVE,screened_no_qualifying_product_at_threshold,connectivity_exact__stereochemistry_unresolved,independent_study_cross_source_common_enzyme_acceptor,True,True,connectivity_match_stereo_unresolved,,comparable_tested,double_not_detected,Coumarins,Coumarins,Umbelliferone,0.9
UGT89B1,PCMORTLOPMLEFB,False,TESTED_INACTIVE,Sinapic acid,COC1=CC(C=CC(O)=O)=CC(OC)=C1O,Phenylpropanoids,0,SINAPIC ACID,Phenylpropanoids (C6-C3),TESTED_INACTIVE,screened_no_qualifying_product_at_threshold,connectivity_exact__stereochemistry_unresolved,independent_study_cross_source_common_enzyme_acceptor,True,True,connectivity_match_stereo_unresolved,,comparable_tested,double_not_detected,Phenylpropanoids,HCA,Sinapic acid,0.9
UGT89B1,PFTAWBLQPZVEMU,False,TESTED_INACTIVE,Catechin,OC1C(C2=CC=C(O)C(O)=C2)OC3=C(C(O)=CC(O)=C3)C1,Flavonoids,0,EPICATECHIN,Flavonoids,TESTED_INACTIVE,screened_no_qualifying_product_at_threshold,connectivity_exact__stereochemistry_unresolved,independent_study_cross_source_common_enzyme_acceptor,True,False,identity_conflict_connectivity_collapses_multiple_M25_stereoisomer_names,same_connectivity_multiple_M25_stereoisomer_names,not_comparable_not_tested_or_identity_conflict,double_not_detected,Flavonoids,other,Catechin,0.9
UGT89B1,PQEYTAGBXNEUQL,False,TESTED_INACTIVE,Dihydrojasmonic acid,O=C1CC[C@@H]([C@H]1CCCCC)CC(O)=O,Octadecanoids,0,DIHYDROJASMONIC ACID,Octadecanoids,TESTED_INACTIVE,screened_no_qualifying_product_at_threshold,connectivity_exact__stereochemistry_unresolved,independent_study_cross_source_common_enzyme_acceptor,True,True,connectivity_match_stereo_unresolved,,comparable_tested,double_not_detected,Octadecanoids,other,Dihydrojasmonic acid,0.9
UGT89B1,QAIPRVGONGVQAS,True,TESTED_ACTIVE,"3,4-dihyroxy cinnamic acid",O=C(O)C=CC1=CC=C(O)C(O)=C1,Phenylpropanoids,0,CAFFEIC ACID,Phenylpropanoids (C6-C3),TESTED_INACTIVE,screened_no_qualifying_product_at_threshold,connectivity_exact__stereochemistry_unresolved,independent_study_cross_source_common_enzyme_acceptor,False,True,connectivity_match_stereo_unresolved,,comparable_tested,y18_only,Phenylpropanoids,HCA,Caffeic acid,0.9
UGT89B1,QANMHLXAZMSUEX,False,TESTED_INACTIVE,Kinetin,C1(CNC2=NC=NC3=C2NC=N3)=CC=CO1,Pseudoalkaloids,0,KINETIN,Pseudoalkaloids,TESTED_INACTIVE,screened_no_qualifying_product_at_threshold,connectivity_exact__stereochemistry_unresolved,independent_study_cross_source_common_enzyme_acceptor,True,True,connectivity_match_stereo_unresolved,,comparable_tested,double_not_detected,Pseudoalkaloids,other,Kinetin,0.9
UGT89B1,REFJWTPEDVJJIY,False,TESTED_INACTIVE,Quercetin,OC1=C(C2=CC=C(O)C(O)=C2)OC3=C(C(O)=CC(O)=C3)C1=O,Flavonoids,0,QUERCETIN,Flavonoids,TESTED_INACTIVE,screened_no_qualifying_product_at_threshold,connectivity_exact__stereochemistry_unresolved,independent_study_cross_source_common_enzyme_acceptor,True,True,connectivity_match_stereo_unresolved,,comparable_tested,double_not_detected,Flavonoids,other,Quercetin,0.9
UGT89B1,RODXRVNMMDRFIK,True,TESTED_ACTIVE,7-hydroxy 6-methoxy coumarin (Scopoletin),O=C1OC2=C(C=C(C(O)=C2)OC)C=C1,Coumarins,0,SCOPOLETIN,Coumarins,TESTED_INACTIVE,screened_no_qualifying_product_at_threshold,connectivity_exact__stereochemistry_unresolved,independent_study_cross_source_common_enzyme_acceptor,False,True,connectivity_match_stereo_unresolved,,comparable_tested,y18_only,Coumarins,Coumarins,Scopoletin,0.9
UGT89B1,TZBJGXHYKVUXJN,False,TESTED_INACTIVE,Genistein,O=C1C(C2=CC=C(O)C=C2)=COC3=C1C(O)=CC(O)=C3,Isoflavonoids,0,GENISTEIN,Isoflavonoids,TESTED_INACTIVE,screened_no_qualifying_product_at_threshold,connectivity_exact__stereochemistry_unresolved,independent_study_cross_source_common_enzyme_acceptor,True,True,connectivity_match_stereo_unresolved,,comparable_tested,double_not_detected,Isoflavonoids,other,Genistein,0.9
UGT89B1,XHEFDIBZLJXQHF,True,TESTED_ACTIVE,Fisetin,OC1=CC(OC(C2=CC(O)=C(O)C=C2)=C(O)C3=O)=C3C=C1,Flavonoids,0,FISETIN,Flavonoids,TESTED_INACTIVE,screened_no_qualifying_product_at_threshold,connectivity_exact__stereochemistry_unresolved,independent_study_cross_source_common_enzyme_acceptor,False,True,connectivity_match_stereo_unresolved,,comparable_tested,y18_only,Flavonoids,other,Fisetin,0.9
